source_id,source_title,target_id,target_title,weight,primary_motif,top_motifs,reason
1,Аз искам да те помня все така...,2,Колко си хубава,0.8249,Любов,Любов (0.5732); Личност и вътрешен конфликт (0.1233); Родина и памет (0.0); Свобода и бунт (0.0),"Връзката е силна заради мотивите за любов и личност и вътрешен конфликт, като Аз искам да те помня все така... и Колко си хубава се срещат най-ясно през любовта, близостта и интимното преживяване и вътрешния избор, самотата и търсенето на себе си."
8,Песента на колелетата,9,Балада за Георг Хених,0.8138,Труд и творчество,Труд и творчество (0.3629); Вяра и духовност (0.1138); Надежда и общност (0.0841); Любов (0.0558),"Връзката е силна заради мотивите за труд и творчество, вяра и духовност и надежда и общност, като Песента на колелетата и Балада за Георг Хених се срещат най-ясно през труда, майсторството и творческото съзидание и вярата, духовната опора и нравственото търсене."
14,Бай Ганьо журналист,15,Балкански синдром,0.8135,Общество и власт,Общество и власт (0.5609); Родина и памет (0.051); Вяра и духовност (0.051); Чуждото и другият (0.0447),"Връзката е силна заради мотивите за общество и власт, родина и памет и вяра и духовност, като Бай Ганьо журналист и Балкански синдром се срещат най-ясно през сблъсъка между човека, властта и социалната неправда и родината, народа и историческата памет."
4,Спасова могила,18,Ноев ковчег,0.8093,Надежда и общност,Надежда и общност (0.3974); Вяра и духовност (0.2666); Родина и памет (0.0696); Личност и вътрешен конфликт (0.0563),"Връзката е силна заради мотивите за надежда и общност, вяра и духовност и родина и памет, като Спасова могила и Ноев ковчег се срещат най-ясно през надеждата, общността и човешката взаимност и вярата, духовната опора и нравственото търсене."
1,Аз искам да те помня все така...,3,Посвещение,0.8055,Любов,Любов (0.4657); Личност и вътрешен конфликт (0.1429); Природа (0.0917); Надежда и общност (0.0459),"Връзката е силна заради мотивите за любов, личност и вътрешен конфликт и природа, като Аз искам да те помня все така... и Посвещение се срещат най-ясно през любовта, близостта и интимното преживяване и вътрешния избор, самотата и търсенето на себе си."
2,Колко си хубава,3,Посвещение,0.8039,Любов,Любов (0.4657); Личност и вътрешен конфликт (0.1233); Вяра и духовност (0.115); Родина и памет (0.0),"Връзката е силна заради мотивите за любов, личност и вътрешен конфликт и вяра и духовност, като Колко си хубава и Посвещение се срещат най-ясно през любовта, близостта и интимното преживяване и вътрешния избор, самотата и търсенето на себе си."
13,Железният светилник,16,Паисий,0.799,Родина и памет,Родина и памет (0.3162); Вяра и духовност (0.1734); Свобода и бунт (0.0603); Семейство и род (0.0603),"Връзката е силна заради мотивите за родина и памет, вяра и духовност и свобода и бунт, като Железният светилник и Паисий се срещат най-ясно през родината, народа и историческата памет и вярата, духовната опора и нравственото търсене."
16,Паисий,25,При Рилския манастир,0.7851,Родина и памет,Родина и памет (0.3642); Вяра и духовност (0.2019); Семейство и род (0.0603); Любов (0.03),"Връзката е силна заради мотивите за родина и памет, вяра и духовност и семейство и род, като Паисий и При Рилския манастир се срещат най-ясно през родината, народа и историческата памет и вярата, духовната опора и нравственото търсене."
4,Спасова могила,6,Вяра,0.7794,Вяра и духовност,Вяра и духовност (0.293); Надежда и общност (0.2598); Личност и вътрешен конфликт (0.1016); Общество и власт (0.0332),"Връзката е силна заради мотивите за вяра и духовност, надежда и общност и личност и вътрешен конфликт, като Спасова могила и Вяра се срещат най-ясно през вярата, духовната опора и нравственото търсене и надеждата, общността и човешката взаимност."
14,Бай Ганьо журналист,20,Андрешко,0.7756,Общество и власт,Общество и власт (0.591); Вяра и духовност (0.0434); Родина и памет (0.0217); Любов (0.0),"Връзката е силна заради мотивите за общество и власт, вяра и духовност и родина и памет, като Бай Ганьо журналист и Андрешко се срещат най-ясно през сблъсъка между човека, властта и социалната неправда и вярата, духовната опора и нравственото търсене."
26,Градушка,27,Спи езерото,0.7622,Природа,Природа (0.3771); Личност и вътрешен конфликт (0.1441); Любов (0.0); Родина и памет (0.0),"Връзката е силна заради мотивите за природа и личност и вътрешен конфликт, като Градушка и Спи езерото се срещат най-ясно през природата като среда, символ и изпитание и вътрешния избор, самотата и търсенето на себе си."
14,Бай Ганьо журналист,21,Приказка за стълбата,0.7616,Общество и власт,Общество и власт (0.4327); Вяра и духовност (0.1615); Любов (0.0); Родина и памет (0.0),"Връзката е силна заради мотивите за общество и власт и вяра и духовност, като Бай Ганьо журналист и Приказка за стълбата се срещат най-ясно през сблъсъка между човека, властта и социалната неправда и вярата, духовната опора и нравственото търсене."
15,Балкански синдром,20,Андрешко,0.7485,Общество и власт,Общество и власт (0.5609); Личност и вътрешен конфликт (0.0568); Вяра и духовност (0.0434); Родина и памет (0.0217),"Връзката е силна заради мотивите за общество и власт, личност и вътрешен конфликт и вяра и духовност, като Балкански синдром и Андрешко се срещат най-ясно през сблъсъка между човека, властта и социалната неправда и вътрешния избор, самотата и търсенето на себе си."
13,Железният светилник,25,При Рилския манастир,0.7468,Родина и памет,Родина и памет (0.3162); Вяра и духовност (0.1734); Семейство и род (0.1102); Любов (0.03),"Връзката е силна заради мотивите за родина и памет, вяра и духовност и семейство и род, като Железният светилник и При Рилския манастир се срещат най-ясно през родината, народа и историческата памет и вярата, духовната опора и нравственото търсене."
3,Посвещение,24,Крадецът на праскови,0.7461,Любов,Любов (0.2749); Личност и вътрешен конфликт (0.154); Вяра и духовност (0.115); Надежда и общност (0.0575),"Връзката е силна заради мотивите за любов, личност и вътрешен конфликт и вяра и духовност, като Посвещение и Крадецът на праскови се срещат най-ясно през любовта, близостта и интимното преживяване и вътрешния избор, самотата и търсенето на себе си."
15,Балкански синдром,21,Приказка за стълбата,0.7391,Общество и власт,Общество и власт (0.4327); Личност и вътрешен конфликт (0.0963); Вяра и духовност (0.051); Любов (0.0),"Връзката е силна заради мотивите за общество и власт, личност и вътрешен конфликт и вяра и духовност, като Балкански синдром и Приказка за стълбата се срещат най-ясно през сблъсъка между човека, властта и социалната неправда и вътрешния избор, самотата и търсенето на себе си."
6,Вяра,9,Балада за Георг Хених,0.7354,Надежда и общност,Надежда и общност (0.1853); Вяра и духовност (0.1815); Труд и творчество (0.1523); Личност и вътрешен конфликт (0.099),"Връзката е силна заради мотивите за надежда и общност, вяра и духовност и труд и творчество, като Вяра и Балада за Георг Хених се срещат най-ясно през надеждата, общността и човешката взаимност и вярата, духовната опора и нравственото търсене."
20,Андрешко,21,Приказка за стълбата,0.734,Общество и власт,Общество и власт (0.4327); Личност и вътрешен конфликт (0.0568); Вяра и духовност (0.0434); Надежда и общност (0.0417),"Връзката е силна заради мотивите за общество и власт, личност и вътрешен конфликт и вяра и духовност, като Андрешко и Приказка за стълбата се срещат най-ясно през сблъсъка между човека, властта и социалната неправда и вътрешния избор, самотата и търсенето на себе си."
5,Молитва,6,Вяра,0.7339,Вяра и духовност,Вяра и духовност (0.293); Надежда и общност (0.174); Личност и вътрешен конфликт (0.1016); Труд и творчество (0.0228),"Връзката е силна заради мотивите за вяра и духовност, надежда и общност и личност и вътрешен конфликт, като Молитва и Вяра се срещат най-ясно през вярата, духовната опора и нравственото търсене и надеждата, общността и човешката взаимност."
4,Спасова могила,5,Молитва,0.732,Вяра и духовност,Вяра и духовност (0.333); Надежда и общност (0.174); Личност и вътрешен конфликт (0.1113); Любов (0.0),"Връзката е силна заради мотивите за вяра и духовност, надежда и общност и личност и вътрешен конфликт, като Спасова могила и Молитва се срещат най-ясно през вярата, духовната опора и нравственото търсене и надеждата, общността и човешката взаимност."
2,Колко си хубава,24,Крадецът на праскови,0.73,Любов,Любов (0.2749); Вяра и духовност (0.1393); Личност и вътрешен конфликт (0.1233); Родина и памет (0.0),"Връзката е силна заради мотивите за любов, вяра и духовност и личност и вътрешен конфликт, като Колко си хубава и Крадецът на праскови се срещат най-ясно през любовта, близостта и интимното преживяване и вярата, духовната опора и нравственото търсене."
22,До моето първо либе,24,Крадецът на праскови,0.7134,Любов,Любов (0.2749); Личност и вътрешен конфликт (0.1816); Свобода и бунт (0.0808); Общество и власт (0.037),"Връзката е силна заради мотивите за любов, личност и вътрешен конфликт и свобода и бунт, като До моето първо либе и Крадецът на праскови се срещат най-ясно през любовта, близостта и интимното преживяване и вътрешния избор, самотата и търсенето на себе си."
6,Вяра,18,Ноев ковчег,0.7091,Вяра и духовност,Вяра и духовност (0.2666); Надежда и общност (0.2598); Личност и вътрешен конфликт (0.0563); Любов (0.0),"Връзката е силна заради мотивите за вяра и духовност, надежда и общност и личност и вътрешен конфликт, като Вяра и Ноев ковчег се срещат най-ясно през вярата, духовната опора и нравственото търсене и надеждата, общността и човешката взаимност."
16,Паисий,23,Новото гробище над Сливница,0.6901,Родина и памет,Родина и памет (0.4531); Свобода и бунт (0.0603); Семейство и род (0.0603); Личност и вътрешен конфликт (0.0154),"Връзката е силна заради мотивите за родина и памет, свобода и бунт и семейство и род, като Паисий и Новото гробище над Сливница се срещат най-ясно през родината, народа и историческата памет и свободата, борбата и отказа от покорство."
9,Балада за Георг Хених,12,Честен кръст,0.688,Труд и творчество,Труд и творчество (0.2624); Вяра и духовност (0.1815); Личност и вътрешен конфликт (0.099); Общество и власт (0.028),"Връзката е силна заради мотивите за труд и творчество, вяра и духовност и личност и вътрешен конфликт, като Балада за Георг Хених и Честен кръст се срещат най-ясно през труда, майсторството и творческото съзидание и вярата, духовната опора и нравственото търсене."
7,Ветрената мелница,18,Ноев ковчег,0.6835,Надежда и общност,Надежда и общност (0.3974); Родина и памет (0.1374); Любов (0.0); Свобода и бунт (0.0),"Връзката е силна заради мотивите за надежда и общност и родина и памет, като Ветрената мелница и Ноев ковчег се срещат най-ясно през надеждата, общността и човешката взаимност и родината, народа и историческата памет."
1,Аз искам да те помня все така...,22,До моето първо либе,0.6814,Любов,Любов (0.2873); Личност и вътрешен конфликт (0.1429); Родина и памет (0.1235); Свобода и бунт (0.0),"Връзката е силна заради мотивите за любов, личност и вътрешен конфликт и родина и памет, като Аз искам да те помня все така... и До моето първо либе се срещат най-ясно през любовта, близостта и интимното преживяване и вътрешния избор, самотата и търсенето на себе си."
1,Аз искам да те помня все така...,24,Крадецът на праскови,0.6789,Любов,Любов (0.2749); Личност и вътрешен конфликт (0.1429); Надежда и общност (0.0459); Родина и памет (0.0),"Връзката е силна заради мотивите за любов, личност и вътрешен конфликт и надежда и общност, като Аз искам да те помня все така... и Крадецът на праскови се срещат най-ясно през любовта, близостта и интимното преживяване и вътрешния избор, самотата и търсенето на себе си."
5,Молитва,12,Честен кръст,0.6529,Вяра и духовност,Вяра и духовност (0.2531); Личност и вътрешен конфликт (0.2056); Труд и творчество (0.0228); Любов (0.0),"Връзката е силна заради мотивите за вяра и духовност, личност и вътрешен конфликт и труд и творчество, като Молитва и Честен кръст се срещат най-ясно през вярата, духовната опора и нравственото търсене и вътрешния избор, самотата и търсенето на себе си."
4,Спасова могила,7,Ветрената мелница,0.6528,Надежда и общност,Надежда и общност (0.4165); Родина и памет (0.0696); Любов (0.0); Свобода и бунт (0.0),"Връзката е силна заради мотивите за надежда и общност и родина и памет, като Спасова могила и Ветрената мелница се срещат най-ясно през надеждата, общността и човешката взаимност и родината, народа и историческата памет."
5,Молитва,18,Ноев ковчег,0.6514,Вяра и духовност,Вяра и духовност (0.2666); Надежда и общност (0.174); Личност и вътрешен конфликт (0.0563); Любов (0.0),"Връзката е силна заради мотивите за вяра и духовност, надежда и общност и личност и вътрешен конфликт, като Молитва и Ноев ковчег се срещат най-ясно през вярата, духовната опора и нравственото търсене и надеждата, общността и човешката взаимност."
17,История,19,Борба,0.6456,Общество и власт,Общество и власт (0.2112); Свобода и бунт (0.173); Вяра и духовност (0.0946); Надежда и общност (0.0476),"Връзката е силна заради мотивите за общество и власт, свобода и бунт и вяра и духовност, като История и Борба се срещат най-ясно през сблъсъка между човека, властта и социалната неправда и свободата, борбата и отказа от покорство."
6,Вяра,12,Честен кръст,0.6429,Вяра и духовност,Вяра и духовност (0.2531); Труд и творчество (0.1523); Личност и вътрешен конфликт (0.1016); Общество и власт (0.028),"Връзката е силна заради мотивите за вяра и духовност, труд и творчество и личност и вътрешен конфликт, като Вяра и Честен кръст се срещат най-ясно през вярата, духовната опора и нравственото търсене и труда, майсторството и творческото съзидание."
10,Две души,12,Честен кръст,0.6328,Личност и вътрешен конфликт,Личност и вътрешен конфликт (0.3307); Вяра и духовност (0.069); Труд и творчество (0.0264); Свобода и бунт (0.0202),"Връзката е силна заради мотивите за личност и вътрешен конфликт, вяра и духовност и труд и творчество, като Две души и Честен кръст се срещат най-ясно през вътрешния избор, самотата и търсенето на себе си и вярата, духовната опора и нравственото търсене."
9,Балада за Георг Хених,17,История,0.6273,Труд и творчество,Труд и творчество (0.2294); Вяра и духовност (0.0946); Общество и власт (0.0761); Надежда и общност (0.0684),"Връзката е силна заради мотивите за труд и творчество, вяра и духовност и общество и власт, като Балада за Георг Хених и История се срещат най-ясно през труда, майсторството и творческото съзидание и вярата, духовната опора и нравственото търсене."
3,Посвещение,22,До моето първо либе,0.6206,Любов,Любов (0.2873); Личност и вътрешен конфликт (0.154); Родина и памет (0.0); Свобода и бунт (0.0),"Връзката е силна заради мотивите за любов и личност и вътрешен конфликт, като Посвещение и До моето първо либе се срещат най-ясно през любовта, близостта и интимното преживяване и вътрешния избор, самотата и търсенето на себе си."
11,Потомка,13,Железният светилник,0.6169,Семейство и род,Семейство и род (0.1364); Родина и памет (0.1263); Личност и вътрешен конфликт (0.1201); Свобода и бунт (0.1187),"Творбите корелират най-вече в полето на семейство и род, родина и памет и личност и вътрешен конфликт, но Потомка го развива по-близо до семейство и род, а Железният светилник - по-близо до родина и памет."
6,Вяра,17,История,0.6101,Труд и творчество,Труд и творчество (0.1523); Общество и власт (0.127); Вяра и духовност (0.0946); Надежда и общност (0.0684),"Творбите корелират най-вече в полето на труд и творчество, общество и власт и вяра и духовност, но Вяра го развива по-близо до вяра и духовност, а История - по-близо до труд и творчество."
13,Железният светилник,23,Новото гробище над Сливница,0.608,Родина и памет,Родина и памет (0.3162); Семейство и род (0.0771); Свобода и бунт (0.0617); Личност и вътрешен конфликт (0.0154),"Творбите корелират най-вече в полето на родина и памет, семейство и род и свобода и бунт, но Железният светилник го развива по-близо до родина и памет, а Новото гробище над Сливница - по-близо до родина и памет."
2,Колко си хубава,22,До моето първо либе,0.6079,Любов,Любов (0.2873); Личност и вътрешен конфликт (0.1233); Родина и памет (0.0); Свобода и бунт (0.0),"Творбите корелират най-вече в полето на любов и личност и вътрешен конфликт, но Колко си хубава го развива по-близо до любов, а До моето първо либе - по-близо до свобода и бунт."
23,Новото гробище над Сливница,25,При Рилския манастир,0.5893,Родина и памет,Родина и памет (0.3642); Семейство и род (0.0771); Свобода и бунт (0.0115); Личност и вътрешен конфликт (0.0115),"Творбите корелират най-вече в полето на родина и памет и семейство и род, но Новото гробище над Сливница го развива по-близо до родина и памет, а При Рилския манастир - по-близо до родина и памет."
4,Спасова могила,9,Балада за Георг Хених,0.5884,Надежда и общност,Надежда и общност (0.1853); Вяра и духовност (0.1815); Личност и вътрешен конфликт (0.099); Общество и власт (0.0332),"Творбите корелират най-вече в полето на надежда и общност, вяра и духовност и личност и вътрешен конфликт, но Спасова могила го развива по-близо до надежда и общност, а Балада за Георг Хених - по-близо до труд и творчество."
18,Ноев ковчег,25,При Рилския манастир,0.5879,Вяра и духовност,Вяра и духовност (0.2666); Природа (0.1424); Родина и памет (0.1374); Личност и вътрешен конфликт (0.0115),"Творбите корелират най-вече в полето на вяра и духовност, природа и родина и памет, но Ноев ковчег го развива по-близо до надежда и общност, а При Рилския манастир - по-близо до родина и памет."
18,Ноев ковчег,26,Градушка,0.585,Вяра и духовност,Вяра и духовност (0.148); Природа (0.1424); Надежда и общност (0.1236); Личност и вътрешен конфликт (0.0563),"Творбите корелират най-вече в полето на вяра и духовност, природа и надежда и общност, но Ноев ковчег го развива по-близо до надежда и общност, а Градушка - по-близо до природа."
17,История,20,Андрешко,0.5825,Общество и власт,Общество и власт (0.2254); Свобода и бунт (0.0868); Надежда и общност (0.0684); Личност и вътрешен конфликт (0.0568),"Творбите корелират най-вече в полето на общество и власт, свобода и бунт и надежда и общност, но История го развива по-близо до труд и творчество, а Андрешко - по-близо до общество и власт."
3,Посвещение,27,Спи езерото,0.5768,Природа,Природа (0.2078); Личност и вътрешен конфликт (0.154); Любов (0.1024); Родина и памет (0.0),"Творбите корелират най-вече в полето на природа, личност и вътрешен конфликт и любов, но Посвещение го развива по-близо до любов, а Спи езерото - по-близо до природа."
8,Песента на колелетата,12,Честен кръст,0.5722,Труд и творчество,Труд и творчество (0.2624); Вяра и духовност (0.1138); Личност и вътрешен конфликт (0.044); Любов (0.0),"Творбите корелират най-вече в полето на труд и творчество, вяра и духовност и личност и вътрешен конфликт, но Песента на колелетата го развива по-близо до труд и творчество, а Честен кръст - по-близо до личност и вътрешен конфликт."
14,Бай Ганьо журналист,17,История,0.5701,Общество и власт,Общество и власт (0.2254); Вяра и духовност (0.0946); Родина и памет (0.0619); Труд и творчество (0.0619),"Творбите корелират най-вече в полето на общество и власт, вяра и духовност и родина и памет, но Бай Ганьо журналист го развива по-близо до общество и власт, а История - по-близо до труд и творчество."
8,Песента на колелетата,17,История,0.5662,Труд и творчество,Труд и творчество (0.2294); Вяра и духовност (0.0946); Надежда и общност (0.0684); Личност и вътрешен конфликт (0.044),"Творбите корелират най-вече в полето на труд и творчество, вяра и духовност и надежда и общност, но Песента на колелетата го развива по-близо до труд и творчество, а История - по-близо до труд и творчество."
6,Вяра,21,Приказка за стълбата,0.5604,Вяра и духовност,Вяра и духовност (0.2083); Общество и власт (0.127); Личност и вътрешен конфликт (0.1016); Надежда и общност (0.0417),"Творбите корелират най-вече в полето на вяра и духовност, общество и власт и личност и вътрешен конфликт, но Вяра го развива по-близо до вяра и духовност, а Приказка за стълбата - по-близо до общество и власт."
5,Молитва,9,Балада за Георг Хених,0.5567,Вяра и духовност,Вяра и духовност (0.1815); Надежда и общност (0.174); Личност и вътрешен конфликт (0.099); Труд и творчество (0.0228),"Творбите корелират най-вече в полето на вяра и духовност, надежда и общност и личност и вътрешен конфликт, но Молитва го развива по-близо до вяра и духовност, а Балада за Георг Хених - по-близо до труд и творчество."
7,Ветрената мелница,16,Паисий,0.556,Родина и памет,Родина и памет (0.3852); Труд и творчество (0.0696); Любов (0.0); Свобода и бунт (0.0),"Творбите корелират най-вече в полето на родина и памет и труд и творчество, но Ветрената мелница го развива по-близо до надежда и общност, а Паисий - по-близо до родина и памет."
17,История,21,Приказка за стълбата,0.5516,Общество и власт,Общество и власт (0.2254); Вяра и духовност (0.0946); Личност и вътрешен конфликт (0.0624); Надежда и общност (0.0417),"Творбите корелират най-вече в полето на общество и власт, вяра и духовност и личност и вътрешен конфликт, но История го развива по-близо до труд и творчество, а Приказка за стълбата - по-близо до общество и власт."
21,Приказка за стълбата,24,Крадецът на праскови,0.5465,Личност и вътрешен конфликт,Личност и вътрешен конфликт (0.1816); Вяра и духовност (0.1393); Любов (0.109); Общество и власт (0.0423),"Творбите корелират най-вече в полето на личност и вътрешен конфликт, вяра и духовност и любов, но Приказка за стълбата го развива по-близо до общество и власт, а Крадецът на праскови - по-близо до любов."
9,Балада за Георг Хених,18,Ноев ковчег,0.5418,Надежда и общност,Надежда и общност (0.1853); Вяра и духовност (0.1815); Личност и вътрешен конфликт (0.0563); Родина и памет (0.0228),"Творбите корелират най-вече в полето на надежда и общност, вяра и духовност и личност и вътрешен конфликт, но Балада за Георг Хених го развива по-близо до труд и творчество, а Ноев ковчег - по-близо до надежда и общност."
12,Честен кръст,17,История,0.5338,Труд и творчество,Труд и творчество (0.2294); Вяра и духовност (0.0946); Личност и вътрешен конфликт (0.0624); Общество и власт (0.028),"Творбите корелират най-вече в полето на труд и творчество, вяра и духовност и личност и вътрешен конфликт, но Честен кръст го развива по-близо до личност и вътрешен конфликт, а История - по-близо до труд и творчество."
11,Потомка,22,До моето първо либе,0.5334,Личност и вътрешен конфликт,Личност и вътрешен конфликт (0.235); Родина и памет (0.124); Свобода и бунт (0.1187); Общество и власт (0.037),"Творбите корелират най-вече в полето на личност и вътрешен конфликт, родина и памет и свобода и бунт, но Потомка го развива по-близо до семейство и род, а До моето първо либе - по-близо до свобода и бунт."
3,Посвещение,26,Градушка,0.5325,Природа,Природа (0.2078); Личност и вътрешен конфликт (0.1441); Вяра и духовност (0.115); Надежда и общност (0.0575),"Творбите корелират най-вече в полето на природа, личност и вътрешен конфликт и вяра и духовност, но Посвещение го развива по-близо до любов, а Градушка - по-близо до природа."
10,Две души,11,Потомка,0.5325,Личност и вътрешен конфликт,Личност и вътрешен конфликт (0.2496); Свобода и бунт (0.069); Вяра и духовност (0.069); Труд и творчество (0.0264),"Творбите корелират най-вече в полето на личност и вътрешен конфликт, свобода и бунт и вяра и духовност, но Две души го развива по-близо до личност и вътрешен конфликт, а Потомка - по-близо до семейство и род."
19,Борба,22,До моето първо либе,0.5286,Свобода и бунт,Свобода и бунт (0.2884); Личност и вътрешен конфликт (0.0434); Общество и власт (0.037); Родина и памет (0.007),"Творбите корелират най-вече в полето на свобода и бунт, личност и вътрешен конфликт и общество и власт, но Борба го развива по-близо до свобода и бунт, а До моето първо либе - по-близо до свобода и бунт."
6,Вяра,19,Борба,0.5284,Вяра и духовност,Вяра и духовност (0.2154); Общество и власт (0.127); Свобода и бунт (0.0664); Надежда и общност (0.0476),"Творбите корелират най-вече в полето на вяра и духовност, общество и власт и свобода и бунт, но Вяра го развива по-близо до вяра и духовност, а Борба - по-близо до свобода и бунт."
12,Честен кръст,24,Крадецът на праскови,0.5273,Личност и вътрешен конфликт,Личност и вътрешен конфликт (0.1816); Вяра и духовност (0.1393); Смърт и саможертва (0.1056); Общество и власт (0.028),"Творбите корелират най-вече в полето на личност и вътрешен конфликт, вяра и духовност и смърт и саможертва, но Честен кръст го развива по-близо до личност и вътрешен конфликт, а Крадецът на праскови - по-близо до любов."
12,Честен кръст,21,Приказка за стълбата,0.5217,Вяра и духовност,Вяра и духовност (0.2083); Личност и вътрешен конфликт (0.2083); Общество и власт (0.028); Любов (0.0),"Творбите корелират най-вече в полето на вяра и духовност, личност и вътрешен конфликт и общество и власт, но Честен кръст го развива по-близо до личност и вътрешен конфликт, а Приказка за стълбата - по-близо до общество и власт."
13,Железният светилник,22,До моето първо либе,0.5201,Свобода и бунт,Свобода и бунт (0.1364); Родина и памет (0.124); Личност и вътрешен конфликт (0.1201); Любов (0.0307),"Творбите корелират най-вече в полето на свобода и бунт, родина и памет и личност и вътрешен конфликт, но Железният светилник го развива по-близо до родина и памет, а До моето първо либе - по-близо до свобода и бунт."
7,Ветрената мелница,13,Железният светилник,0.5199,Родина и памет,Родина и памет (0.3162); Надежда и общност (0.0705); Любов (0.0); Свобода и бунт (0.0),"Творбите корелират най-вече в полето на родина и памет и надежда и общност, но Ветрената мелница го развива по-близо до надежда и общност, а Железният светилник - по-близо до родина и памет."
19,Борба,21,Приказка за стълбата,0.519,Общество и власт,Общество и власт (0.2112); Вяра и духовност (0.2083); Личност и вътрешен конфликт (0.0434); Надежда и общност (0.0417),"Творбите корелират най-вече в полето на общество и власт, вяра и духовност и личност и вътрешен конфликт, но Борба го развива по-близо до свобода и бунт, а Приказка за стълбата - по-близо до общество и власт."
5,Молитва,21,Приказка за стълбата,0.5178,Вяра и духовност,Вяра и духовност (0.2083); Личност и вътрешен конфликт (0.2056); Надежда и общност (0.0417); Любов (0.0),"Творбите корелират най-вече в полето на вяра и духовност, личност и вътрешен конфликт и надежда и общност, но Молитва го развива по-близо до вяра и духовност, а Приказка за стълбата - по-близо до общество и власт."
13,Железният светилник,18,Ноев ковчег,0.5148,Вяра и духовност,Вяра и духовност (0.1734); Родина и памет (0.1374); Надежда и общност (0.0705); Личност и вътрешен конфликт (0.0563),"Творбите корелират най-вече в полето на вяра и духовност, родина и памет и надежда и общност, но Железният светилник го развива по-близо до родина и памет, а Ноев ковчег - по-близо до надежда и общност."
6,Вяра,26,Градушка,0.5087,Вяра и духовност,Вяра и духовност (0.148); Надежда и общност (0.1236); Личност и вътрешен конфликт (0.1016); Труд и творчество (0.0837),"Творбите корелират най-вече в полето на вяра и духовност, надежда и общност и личност и вътрешен конфликт, но Вяра го развива по-близо до вяра и духовност, а Градушка - по-близо до природа."
5,Молитва,26,Градушка,0.5042,Вяра и духовност,Вяра и духовност (0.148); Личност и вътрешен конфликт (0.1441); Надежда и общност (0.1236); Труд и творчество (0.0228),"Творбите корелират най-вече в полето на вяра и духовност, личност и вътрешен конфликт и надежда и общност, но Молитва го развива по-близо до вяра и духовност, а Градушка - по-близо до природа."
25,При Рилския манастир,26,Градушка,0.4974,Природа,Природа (0.194); Вяра и духовност (0.148); Родина и памет (0.0232); Свобода и бунт (0.0115),"Творбите корелират най-вече в полето на природа, вяра и духовност и родина и памет, но При Рилския манастир го развива по-близо до родина и памет, а Градушка - по-близо до природа."
4,Спасова могила,13,Железният светилник,0.4948,Вяра и духовност,Вяра и духовност (0.1734); Личност и вътрешен конфликт (0.1113); Надежда и общност (0.0705); Родина и памет (0.0696),"Творбите корелират най-вече в полето на вяра и духовност, личност и вътрешен конфликт и надежда и общност, но Спасова могила го развива по-близо до надежда и общност, а Железният светилник - по-близо до родина и памет."
6,Вяра,7,Ветрената мелница,0.4941,Надежда и общност,Надежда и общност (0.2598); Труд и творчество (0.1333); Любов (0.0); Родина и памет (0.0),"Творбите корелират най-вече в полето на надежда и общност и труд и творчество, но Вяра го развива по-близо до вяра и духовност, а Ветрената мелница - по-близо до надежда и общност."
15,Балкански синдром,17,История,0.4899,Общество и власт,Общество и власт (0.2254); Личност и вътрешен конфликт (0.0624); Родина и памет (0.051); Вяра и духовност (0.051),"Творбите корелират най-вече в полето на общество и власт, личност и вътрешен конфликт и родина и памет, но Балкански синдром го развива по-близо до общество и власт, а История - по-близо до труд и творчество."
4,Спасова могила,26,Градушка,0.4895,Вяра и духовност,Вяра и духовност (0.148); Надежда и общност (0.1236); Личност и вътрешен конфликт (0.1113); Общество и власт (0.0332),"Творбите корелират най-вече в полето на вяра и духовност, надежда и общност и личност и вътрешен конфликт, но Спасова могила го развива по-близо до надежда и общност, а Градушка - по-близо до природа."
5,Молитва,24,Крадецът на праскови,0.488,Личност и вътрешен конфликт,Личност и вътрешен конфликт (0.1816); Вяра и духовност (0.1393); Надежда и общност (0.0746); Любов (0.0),"Творбите корелират най-вече в полето на личност и вътрешен конфликт, вяра и духовност и надежда и общност, но Молитва го развива по-близо до вяра и духовност, а Крадецът на праскови - по-близо до любов."
19,Борба,20,Андрешко,0.4873,Общество и власт,Общество и власт (0.2112); Свобода и бунт (0.0868); Надежда и общност (0.0476); Вяра и духовност (0.0434),"Творбите корелират най-вече в полето на общество и власт, свобода и бунт и надежда и общност, но Борба го развива по-близо до свобода и бунт, а Андрешко - по-близо до общество и власт."
10,Две души,22,До моето първо либе,0.477,Личност и вътрешен конфликт,Личност и вътрешен конфликт (0.235); Свобода и бунт (0.069); Любов (0.0); Родина и памет (0.0),"Творбите корелират най-вече в полето на личност и вътрешен конфликт и свобода и бунт, но Две души го развива по-близо до личност и вътрешен конфликт, а До моето първо либе - по-близо до свобода и бунт."
6,Вяра,8,Песента на колелетата,0.4769,Труд и творчество,Труд и творчество (0.1523); Вяра и духовност (0.1138); Надежда и общност (0.0841); Личност и вътрешен конфликт (0.044),"Творбите корелират най-вече в полето на труд и творчество, вяра и духовност и надежда и общност, но Вяра го развива по-близо до вяра и духовност, а Песента на колелетата - по-близо до труд и творчество."
5,Молитва,13,Железният светилник,0.4754,Вяра и духовност,Вяра и духовност (0.1734); Личност и вътрешен конфликт (0.1201); Надежда и общност (0.0705); Любов (0.0),"Творбите корелират най-вече в полето на вяра и духовност, личност и вътрешен конфликт и надежда и общност, но Молитва го развива по-близо до вяра и духовност, а Железният светилник - по-близо до родина и памет."
13,Железният светилник,19,Борба,0.4752,Вяра и духовност,Вяра и духовност (0.1734); Свобода и бунт (0.1364); Надежда и общност (0.0476); Личност и вътрешен конфликт (0.0434),"Творбите корелират най-вече в полето на вяра и духовност, свобода и бунт и надежда и общност, но Железният светилник го развива по-близо до родина и памет, а Борба - по-близо до свобода и бунт."
13,Железният светилник,17,История,0.4726,Свобода и бунт,Свобода и бунт (0.1364); Родина и памет (0.0946); Вяра и духовност (0.0946); Надежда и общност (0.0684),"Творбите корелират най-вече в полето на свобода и бунт, родина и памет и вяра и духовност, но Железният светилник го развива по-близо до родина и памет, а История - по-близо до труд и творчество."
7,Ветрената мелница,9,Балада за Георг Хених,0.4688,Надежда и общност,Надежда и общност (0.1853); Труд и творчество (0.1333); Родина и памет (0.0228); Любов (0.0),"Творбите корелират най-вече в полето на надежда и общност, труд и творчество и родина и памет, но Ветрената мелница го развива по-близо до надежда и общност, а Балада за Георг Хених - по-близо до труд и творчество."
9,Балада за Георг Хених,26,Градушка,0.4668,Вяра и духовност,Вяра и духовност (0.148); Надежда и общност (0.1236); Личност и вътрешен конфликт (0.099); Труд и творчество (0.0837),"Творбите корелират най-вече в полето на вяра и духовност, надежда и общност и личност и вътрешен конфликт, но Балада за Георг Хених го развива по-близо до труд и творчество, а Градушка - по-близо до природа."
6,Вяра,13,Железният светилник,0.466,Вяра и духовност,Вяра и духовност (0.1734); Личност и вътрешен конфликт (0.1016); Надежда и общност (0.0705); Свобода и бунт (0.0664),"Творбите корелират най-вече в полето на вяра и духовност, личност и вътрешен конфликт и надежда и общност, но Вяра го развива по-близо до вяра и духовност, а Железният светилник - по-близо до родина и памет."
14,Бай Ганьо журналист,19,Борба,0.4657,Общество и власт,Общество и власт (0.2112); Вяра и духовност (0.1615); Родина и памет (0.007); Любов (0.0),"Творбите корелират най-вече в полето на общество и власт и вяра и духовност, но Бай Ганьо журналист го развива по-близо до общество и власт, а Борба - по-близо до свобода и бунт."
11,Потомка,12,Честен кръст,0.4656,Личност и вътрешен конфликт,Личност и вътрешен конфликт (0.2496); Вяра и духовност (0.0715); Общество и власт (0.028); Труд и творчество (0.0274),"Творбите корелират най-вече в полето на личност и вътрешен конфликт, вяра и духовност и общество и власт, но Потомка го развива по-близо до семейство и род, а Честен кръст - по-близо до личност и вътрешен конфликт."
12,Честен кръст,26,Градушка,0.465,Вяра и духовност,Вяра и духовност (0.148); Личност и вътрешен конфликт (0.1441); Труд и творчество (0.0837); Общество и власт (0.028),"Творбите корелират най-вече в полето на вяра и духовност, личност и вътрешен конфликт и труд и творчество, но Честен кръст го развива по-близо до личност и вътрешен конфликт, а Градушка - по-близо до природа."
7,Ветрената мелница,23,Новото гробище над Сливница,0.4584,Родина и памет,Родина и памет (0.3852); Любов (0.0); Свобода и бунт (0.0); Вяра и духовност (0.0),"Творбите корелират най-вече в полето на родина и памет, но Ветрената мелница го развива по-близо до надежда и общност, а Новото гробище над Сливница - по-близо до родина и памет."
4,Спасова могила,12,Честен кръст,0.4551,Вяра и духовност,Вяра и духовност (0.2531); Личност и вътрешен конфликт (0.1113); Общество и власт (0.028); Любов (0.0),"Творбите корелират най-вече в полето на вяра и духовност, личност и вътрешен конфликт и общество и власт, но Спасова могила го развива по-близо до надежда и общност, а Честен кръст - по-близо до личност и вътрешен конфликт."
10,Две души,24,Крадецът на праскови,0.4486,Личност и вътрешен конфликт,Личност и вътрешен конфликт (0.1816); Свобода и бунт (0.069); Вяра и духовност (0.069); Любов (0.0),"Творбите корелират най-вече в полето на личност и вътрешен конфликт, свобода и бунт и вяра и духовност, но Две души го развива по-близо до личност и вътрешен конфликт, а Крадецът на праскови - по-близо до любов."
6,Вяра,24,Крадецът на праскови,0.4474,Вяра и духовност,Вяра и духовност (0.1393); Личност и вътрешен конфликт (0.1016); Надежда и общност (0.0746); Свобода и бунт (0.0664),"Творбите корелират най-вече в полето на вяра и духовност, личност и вътрешен конфликт и надежда и общност, но Вяра го развива по-близо до вяра и духовност, а Крадецът на праскови - по-близо до любов."
9,Балада за Георг Хених,21,Приказка за стълбата,0.4455,Вяра и духовност,Вяра и духовност (0.1815); Личност и вътрешен конфликт (0.099); Общество и власт (0.0761); Любов (0.0558),"Творбите корелират най-вече в полето на вяра и духовност, личност и вътрешен конфликт и общество и власт, но Балада за Георг Хених го развива по-близо до труд и творчество, а Приказка за стълбата - по-близо до общество и власт."
5,Молитва,25,При Рилския манастир,0.4394,Вяра и духовност,Вяра и духовност (0.2787); Личност и вътрешен конфликт (0.0115); Любов (0.0); Родина и памет (0.0),"Творбите корелират най-вече в полето на вяра и духовност, но Молитва го развива по-близо до вяра и духовност, а При Рилския манастир - по-близо до родина и памет."
4,Спасова могила,24,Крадецът на праскови,0.4374,Вяра и духовност,Вяра и духовност (0.1393); Личност и вътрешен конфликт (0.1113); Надежда и общност (0.0746); Чуждото и другият (0.0364),"Творбите корелират най-вече в полето на вяра и духовност, личност и вътрешен конфликт и надежда и общност, но Спасова могила го развива по-близо до надежда и общност, а Крадецът на праскови - по-близо до любов."
4,Спасова могила,21,Приказка за стълбата,0.4334,Вяра и духовност,Вяра и духовност (0.2083); Личност и вътрешен конфликт (0.1113); Надежда и общност (0.0417); Общество и власт (0.0332),"Творбите корелират най-вече в полето на вяра и духовност, личност и вътрешен конфликт и надежда и общност, но Спасова могила го развива по-близо до надежда и общност, а Приказка за стълбата - по-близо до общество и власт."
6,Вяра,14,Бай Ганьо журналист,0.4332,Вяра и духовност,Вяра и духовност (0.1615); Общество и власт (0.127); Труд и творчество (0.0619); Любов (0.0),"Творбите корелират най-вече в полето на вяра и духовност, общество и власт и труд и творчество, но Вяра го развива по-близо до вяра и духовност, а Бай Ганьо журналист - по-близо до общество и власт."
16,Паисий,18,Ноев ковчег,0.4317,Вяра и духовност,Вяра и духовност (0.2019); Родина и памет (0.1374); Личност и вътрешен конфликт (0.0209); Любов (0.0),"Творбите корелират най-вече в полето на вяра и духовност, родина и памет и личност и вътрешен конфликт, но Паисий го развива по-близо до родина и памет, а Ноев ковчег - по-близо до надежда и общност."
7,Ветрената мелница,25,При Рилския манастир,0.4307,Родина и памет,Родина и памет (0.3642); Любов (0.0); Свобода и бунт (0.0); Вяра и духовност (0.0),"Творбите корелират най-вече в полето на родина и памет, но Ветрената мелница го развива по-близо до надежда и общност, а При Рилския манастир - по-близо до родина и памет."
6,Вяра,20,Андрешко,0.4301,Общество и власт,Общество и власт (0.127); Надежда и общност (0.1219); Свобода и бунт (0.0664); Личност и вътрешен конфликт (0.0568),"Творбите корелират най-вече в полето на общество и власт, надежда и общност и свобода и бунт, но Вяра го развива по-близо до вяра и духовност, а Андрешко - по-близо до общество и власт."
4,Спасова могила,25,При Рилския манастир,0.4277,Вяра и духовност,Вяра и духовност (0.2787); Родина и памет (0.0696); Личност и вътрешен конфликт (0.0115); Любов (0.0),"Творбите корелират най-вече в полето на вяра и духовност и родина и памет, но Спасова могила го развива по-близо до надежда и общност, а При Рилския манастир - по-близо до родина и памет."
13,Железният светилник,24,Крадецът на праскови,0.425,Вяра и духовност,Вяра и духовност (0.1393); Личност и вътрешен конфликт (0.1201); Свобода и бунт (0.0808); Надежда и общност (0.0705),"Творбите корелират най-вече в полето на вяра и духовност, личност и вътрешен конфликт и свобода и бунт, но Железният светилник го развива по-близо до родина и памет, а Крадецът на праскови - по-близо до любов."
21,Приказка за стълбата,26,Градушка,0.4244,Вяра и духовност,Вяра и духовност (0.148); Личност и вътрешен конфликт (0.1441); Общество и власт (0.0837); Надежда и общност (0.0417),"Творбите корелират най-вече в полето на вяра и духовност, личност и вътрешен конфликт и общество и власт, но Приказка за стълбата го развива по-близо до общество и власт, а Градушка - по-близо до природа."
11,Потомка,25,При Рилския манастир,0.4179,Родина и памет,Родина и памет (0.1263); Семейство и род (0.1102); Вяра и духовност (0.0715); Свобода и бунт (0.0115),"Творбите корелират най-вече в полето на родина и памет, семейство и род и вяра и духовност, но Потомка го развива по-близо до семейство и род, а При Рилския манастир - по-близо до родина и памет."
17,История,22,До моето първо либе,0.4177,Свобода и бунт,Свобода и бунт (0.173); Родина и памет (0.0946); Личност и вътрешен конфликт (0.0624); Общество и власт (0.037),"Творбите корелират най-вече в полето на свобода и бунт, родина и памет и личност и вътрешен конфликт, но История го развива по-близо до труд и творчество, а До моето първо либе - по-близо до свобода и бунт."
11,Потомка,24,Крадецът на праскови,0.417,Личност и вътрешен конфликт,Личност и вътрешен конфликт (0.1816); Свобода и бунт (0.0808); Вяра и духовност (0.0715); Общество и власт (0.0423),"Творбите корелират най-вече в полето на личност и вътрешен конфликт, свобода и бунт и вяра и духовност, но Потомка го развива по-близо до семейство и род, а Крадецът на праскови - по-близо до любов."
3,Посвещение,21,Приказка за стълбата,0.4115,Личност и вътрешен конфликт,Личност и вътрешен конфликт (0.154); Вяра и духовност (0.115); Любов (0.109); Надежда и общност (0.0417),"Творбите корелират най-вече в полето на личност и вътрешен конфликт, вяра и духовност и любов, но Посвещение го развива по-близо до любов, а Приказка за стълбата - по-близо до общество и власт."
9,Балада за Георг Хених,24,Крадецът на праскови,0.404,Вяра и духовност,Вяра и духовност (0.1393); Личност и вътрешен конфликт (0.099); Надежда и общност (0.0746); Любов (0.0558),"Творбите корелират най-вече в полето на вяра и духовност, личност и вътрешен конфликт и надежда и общност, но Балада за Георг Хених го развива по-близо до труд и творчество, а Крадецът на праскови - по-близо до любов."
24,Крадецът на праскови,27,Спи езерото,0.4028,Личност и вътрешен конфликт,Личност и вътрешен конфликт (0.1816); Смърт и саможертва (0.1194); Любов (0.1024); Родина и памет (0.0),"Творбите корелират най-вече в полето на личност и вътрешен конфликт, смърт и саможертва и любов, но Крадецът на праскови го развива по-близо до любов, а Спи езерото - по-близо до природа."
2,Колко си хубава,21,Приказка за стълбата,0.4015,Вяра и духовност,Вяра и духовност (0.167); Личност и вътрешен конфликт (0.1233); Любов (0.109); Родина и памет (0.0),"Творбите корелират най-вече в полето на вяра и духовност, личност и вътрешен конфликт и любов, но Колко си хубава го развива по-близо до любов, а Приказка за стълбата - по-близо до общество и власт."
1,Аз искам да те помня все така...,27,Спи езерото,0.3927,Личност и вътрешен конфликт,Личност и вътрешен конфликт (0.1429); Любов (0.1024); Природа (0.0917); Родина и памет (0.0),"Творбите корелират най-вече в полето на личност и вътрешен конфликт, любов и природа, но Аз искам да те помня все така... го развива по-близо до любов, а Спи езерото - по-близо до природа."
21,Приказка за стълбата,22,До моето първо либе,0.3921,Личност и вътрешен конфликт,Личност и вътрешен конфликт (0.2083); Любов (0.109); Общество и власт (0.037); Родина и памет (0.0),"Творбите корелират най-вече в полето на личност и вътрешен конфликт, любов и общество и власт, но Приказка за стълбата го развива по-близо до общество и власт, а До моето първо либе - по-близо до свобода и бунт."
12,Честен кръст,13,Железният светилник,0.3915,Вяра и духовност,Вяра и духовност (0.1734); Личност и вътрешен конфликт (0.1201); Свобода и бунт (0.0202); Общество и власт (0.0163),"Творбите корелират най-вече в полето на вяра и духовност, личност и вътрешен конфликт и свобода и бунт, но Честен кръст го развива по-близо до личност и вътрешен конфликт, а Железният светилник - по-близо до родина и памет."
5,Молитва,10,Две души,0.3913,Личност и вътрешен конфликт,Личност и вътрешен конфликт (0.2056); Вяра и духовност (0.069); Труд и творчество (0.0228); Любов (0.0),"Творбите корелират най-вече в полето на личност и вътрешен конфликт, вяра и духовност и труд и творчество, но Молитва го развива по-близо до вяра и духовност, а Две души - по-близо до личност и вътрешен конфликт."
11,Потомка,16,Паисий,0.3887,Родина и памет,Родина и памет (0.1263); Вяра и духовност (0.0715); Свобода и бунт (0.0603); Семейство и род (0.0603),"Творбите корелират най-вече в полето на родина и памет, вяра и духовност и свобода и бунт, но Потомка го развива по-близо до семейство и род, а Паисий - по-близо до родина и памет."
11,Потомка,17,История,0.3875,Свобода и бунт,Свобода и бунт (0.1187); Родина и памет (0.0946); Вяра и духовност (0.0715); Личност и вътрешен конфликт (0.0624),"Творбите корелират най-вече в полето на свобода и бунт, родина и памет и вяра и духовност, но Потомка го развива по-близо до семейство и род, а История - по-близо до труд и творчество."
10,Две души,21,Приказка за стълбата,0.3872,Личност и вътрешен конфликт,Личност и вътрешен конфликт (0.2083); Вяра и духовност (0.069); Любов (0.0); Родина и памет (0.0),"Творбите корелират най-вече в полето на личност и вътрешен конфликт и вяра и духовност, но Две души го развива по-близо до личност и вътрешен конфликт, а Приказка за стълбата - по-близо до общество и власт."
5,Молитва,19,Борба,0.381,Вяра и духовност,Вяра и духовност (0.2154); Надежда и общност (0.0476); Личност и вътрешен конфликт (0.0434); Любов (0.0),"Творбите корелират най-вече в полето на вяра и духовност, надежда и общност и личност и вътрешен конфликт, но Молитва го развива по-близо до вяра и духовност, а Борба - по-близо до свобода и бунт."
15,Балкански синдром,19,Борба,0.3809,Общество и власт,Общество и власт (0.2112); Вяра и духовност (0.051); Личност и вътрешен конфликт (0.0434); Родина и памет (0.007),"Творбите корелират най-вече в полето на общество и власт, вяра и духовност и личност и вътрешен конфликт, но Балкански синдром го развива по-близо до общество и власт, а Борба - по-близо до свобода и бунт."
24,Крадецът на праскови,26,Градушка,0.3799,Личност и вътрешен конфликт,Личност и вътрешен конфликт (0.1441); Вяра и духовност (0.1393); Надежда и общност (0.0746); Общество и власт (0.0423),"Връзката е по-слаба и минава главно през личност и вътрешен конфликт, вяра и духовност и надежда и общност, макар че Крадецът на праскови и Градушка ги разглеждат в различен контекст."
7,Ветрената мелница,17,История,0.3767,Труд и творчество,Труд и творчество (0.1333); Родина и памет (0.0946); Надежда и общност (0.0684); Любов (0.0),"Връзката е по-слаба и минава главно през труд и творчество, родина и памет и надежда и общност, макар че Ветрената мелница и История ги разглеждат в различен контекст."
17,История,26,Градушка,0.3767,Вяра и духовност,Вяра и духовност (0.0946); Труд и творчество (0.0837); Общество и власт (0.0837); Надежда и общност (0.0684),"Връзката е по-слаба и минава главно през вяра и духовност, труд и творчество и общество и власт, макар че История и Градушка ги разглеждат в различен контекст."
6,Вяра,25,При Рилския манастир,0.3756,Вяра и духовност,Вяра и духовност (0.2787); Свобода и бунт (0.0115); Личност и вътрешен конфликт (0.0115); Любов (0.0),"Връзката е по-слаба и минава главно през вяра и духовност, макар че Вяра и При Рилския манастир ги разглеждат в различен контекст."
18,Ноев ковчег,24,Крадецът на праскови,0.3744,Вяра и духовност,Вяра и духовност (0.1393); Надежда и общност (0.0746); Личност и вътрешен конфликт (0.0563); Любов (0.0),"Връзката е по-слаба и минава главно през вяра и духовност, надежда и общност и личност и вътрешен конфликт, макар че Ноев ковчег и Крадецът на праскови ги разглеждат в различен контекст."
11,Потомка,21,Приказка за стълбата,0.3735,Личност и вътрешен конфликт,Личност и вътрешен конфликт (0.2083); Вяра и духовност (0.0715); Общество и власт (0.0518); Любов (0.0),"Връзката е по-слаба и минава главно през личност и вътрешен конфликт, вяра и духовност и общество и власт, макар че Потомка и Приказка за стълбата ги разглеждат в различен контекст."
16,Паисий,17,История,0.3733,Родина и памет,Родина и памет (0.0946); Вяра и духовност (0.0946); Труд и творчество (0.0696); Свобода и бунт (0.0603),"Връзката е по-слаба и минава главно през родина и памет, вяра и духовност и труд и творчество, макар че Паисий и История ги разглеждат в различен контекст."
8,Песента на колелетата,24,Крадецът на праскови,0.3732,Любов,Любов (0.1682); Вяра и духовност (0.1138); Надежда и общност (0.0746); Личност и вътрешен конфликт (0.044),"Връзката е по-слаба и минава главно през любов, вяра и духовност и надежда и общност, макар че Песента на колелетата и Крадецът на праскови ги разглеждат в различен контекст."
3,Посвещение,5,Молитва,0.3717,Личност и вътрешен конфликт,Личност и вътрешен конфликт (0.154); Вяра и духовност (0.115); Надежда и общност (0.0575); Любов (0.0),"Връзката е по-слаба и минава главно през личност и вътрешен конфликт, вяра и духовност и надежда и общност, макар че Посвещение и Молитва ги разглеждат в различен контекст."
20,Андрешко,26,Градушка,0.3711,Надежда и общност,Надежда и общност (0.1219); Общество и власт (0.0837); Природа (0.0785); Личност и вътрешен конфликт (0.0568),"Връзката е по-слаба и минава главно през надежда и общност, общество и власт и природа, макар че Андрешко и Градушка ги разглеждат в различен контекст."
9,Балада за Георг Хених,13,Железният светилник,0.3701,Вяра и духовност,Вяра и духовност (0.1734); Личност и вътрешен конфликт (0.099); Надежда и общност (0.0705); Любов (0.0307),"Връзката е по-слаба и минава главно през вяра и духовност, личност и вътрешен конфликт и надежда и общност, макар че Балада за Георг Хених и Железният светилник ги разглеждат в различен контекст."
10,Две души,26,Градушка,0.3692,Личност и вътрешен конфликт,Личност и вътрешен конфликт (0.1441); Вяра и духовност (0.069); Природа (0.0264); Труд и творчество (0.0264),"Връзката е по-слаба и минава главно през личност и вътрешен конфликт, вяра и духовност и природа, макар че Две души и Градушка ги разглеждат в различен контекст."
19,Борба,24,Крадецът на праскови,0.3639,Вяра и духовност,Вяра и духовност (0.1393); Свобода и бунт (0.0808); Надежда и общност (0.0476); Личност и вътрешен конфликт (0.0434),"Връзката е по-слаба и минава главно през вяра и духовност, свобода и бунт и надежда и общност, макар че Борба и Крадецът на праскови ги разглеждат в различен контекст."
13,Железният светилник,26,Градушка,0.361,Вяра и духовност,Вяра и духовност (0.148); Личност и вътрешен конфликт (0.1201); Надежда и общност (0.0705); Родина и памет (0.0232),"Връзката е по-слаба и минава главно през вяра и духовност, личност и вътрешен конфликт и надежда и общност, макар че Железният светилник и Градушка ги разглеждат в различен контекст."
10,Две души,27,Спи езерото,0.3609,Личност и вътрешен конфликт,Личност и вътрешен конфликт (0.22); Природа (0.0264); Любов (0.0); Родина и памет (0.0),"Връзката е по-слаба и минава главно през личност и вътрешен конфликт и природа, макар че Две души и Спи езерото ги разглеждат в различен контекст."
2,Колко си хубава,8,Песента на колелетата,0.36,Любов,Любов (0.1682); Вяра и духовност (0.1138); Личност и вътрешен конфликт (0.044); Родина и памет (0.0),"Връзката е по-слаба и минава главно през любов, вяра и духовност и личност и вътрешен конфликт, макар че Колко си хубава и Песента на колелетата ги разглеждат в различен контекст."
13,Железният светилник,21,Приказка за стълбата,0.3591,Вяра и духовност,Вяра и духовност (0.1734); Личност и вътрешен конфликт (0.1201); Надежда и общност (0.0417); Любов (0.0307),"Връзката е по-слаба и минава главно през вяра и духовност, личност и вътрешен конфликт и надежда и общност, макар че Железният светилник и Приказка за стълбата ги разглеждат в различен контекст."
3,Посвещение,8,Песента на колелетата,0.3585,Любов,Любов (0.1682); Вяра и духовност (0.1138); Надежда и общност (0.0575); Личност и вътрешен конфликт (0.044),"Връзката е по-слаба и минава главно през любов, вяра и духовност и надежда и общност, макар че Посвещение и Песента на колелетата ги разглеждат в различен контекст."
3,Посвещение,18,Ноев ковчег,0.3584,Природа,Природа (0.1424); Вяра и духовност (0.115); Надежда и общност (0.0575); Личност и вътрешен конфликт (0.0563),"Връзката е по-слаба и минава главно през природа, вяра и духовност и надежда и общност, макар че Посвещение и Ноев ковчег ги разглеждат в различен контекст."
3,Посвещение,25,При Рилския манастир,0.3564,Природа,Природа (0.194); Вяра и духовност (0.115); Любов (0.03); Личност и вътрешен конфликт (0.0115),"Връзката е по-слаба и минава главно през природа, вяра и духовност и любов, макар че Посвещение и При Рилския манастир ги разглеждат в различен контекст."
12,Честен кръст,22,До моето първо либе,0.3543,Личност и вътрешен конфликт,Личност и вътрешен конфликт (0.235); Общество и власт (0.028); Свобода и бунт (0.0202); Смърт и саможертва (0.0141),"Връзката е по-слаба и минава главно през личност и вътрешен конфликт, общество и власт и свобода и бунт, макар че Честен кръст и До моето първо либе ги разглеждат в различен контекст."
12,Честен кръст,18,Ноев ковчег,0.3485,Вяра и духовност,Вяра и духовност (0.2531); Личност и вътрешен конфликт (0.0563); Любов (0.0); Родина и памет (0.0),"Връзката е по-слаба и минава главно през вяра и духовност и личност и вътрешен конфликт, макар че Честен кръст и Ноев ковчег ги разглеждат в различен контекст."
4,Спасова могила,17,История,0.3474,Вяра и духовност,Вяра и духовност (0.0946); Родина и памет (0.0696); Надежда и общност (0.0684); Личност и вътрешен конфликт (0.0624),"Връзката е по-слаба и минава главно през вяра и духовност, родина и памет и надежда и общност, макар че Спасова могила и История ги разглеждат в различен контекст."
11,Потомка,19,Борба,0.347,Свобода и бунт,Свобода и бунт (0.1187); Вяра и духовност (0.0715); Общество и власт (0.0518); Личност и вътрешен конфликт (0.0434),"Връзката е по-слаба и минава главно през свобода и бунт, вяра и духовност и общество и власт, макар че Потомка и Борба ги разглеждат в различен контекст."
9,Балада за Георг Хених,14,Бай Ганьо журналист,0.3462,Вяра и духовност,Вяра и духовност (0.1615); Общество и власт (0.0761); Труд и творчество (0.0619); Родина и памет (0.0228),"Връзката е по-слаба и минава главно през вяра и духовност, общество и власт и труд и творчество, макар че Балада за Георг Хених и Бай Ганьо журналист ги разглеждат в различен контекст."
4,Спасова могила,16,Паисий,0.3457,Вяра и духовност,Вяра и духовност (0.2019); Родина и памет (0.0696); Личност и вътрешен конфликт (0.0209); Любов (0.0),"Връзката е по-слаба и минава главно през вяра и духовност, родина и памет и личност и вътрешен конфликт, макар че Спасова могила и Паисий ги разглеждат в различен контекст."
25,При Рилския манастир,27,Спи езерото,0.3457,Природа,Природа (0.194); Любов (0.03); Личност и вътрешен конфликт (0.0115); Родина и памет (0.0),"Връзката е по-слаба и минава главно през природа и любов, макар че При Рилския манастир и Спи езерото ги разглеждат в различен контекст."
4,Спасова могила,19,Борба,0.3454,Вяра и духовност,Вяра и духовност (0.2154); Надежда и общност (0.0476); Личност и вътрешен конфликт (0.0434); Общество и власт (0.0332),"Връзката е по-слаба и минава главно през вяра и духовност, надежда и общност и личност и вътрешен конфликт, макар че Спасова могила и Борба ги разглеждат в различен контекст."
11,Потомка,23,Новото гробище над Сливница,0.3416,Родина и памет,Родина и памет (0.1263); Семейство и род (0.0771); Свобода и бунт (0.0617); Личност и вътрешен конфликт (0.0154),"Връзката е по-слаба и минава главно през родина и памет, семейство и род и свобода и бунт, макар че Потомка и Новото гробище над Сливница ги разглеждат в различен контекст."
5,Молитва,11,Потомка,0.3398,Личност и вътрешен конфликт,Личност и вътрешен конфликт (0.2056); Вяра и духовност (0.0715); Труд и творчество (0.0228); Любов (0.0),"Връзката е по-слаба и минава главно през личност и вътрешен конфликт, вяра и духовност и труд и творчество, макар че Молитва и Потомка ги разглеждат в различен контекст."
6,Вяра,16,Паисий,0.338,Вяра и духовност,Вяра и духовност (0.2019); Труд и творчество (0.0696); Свобода и бунт (0.0603); Личност и вътрешен конфликт (0.0209),"Връзката е по-слаба и минава главно през вяра и духовност, труд и творчество и свобода и бунт, макар че Вяра и Паисий ги разглеждат в различен контекст."
6,Вяра,15,Балкански синдром,0.3369,Общество и власт,Общество и власт (0.127); Личност и вътрешен конфликт (0.0963); Вяра и духовност (0.051); Любов (0.0),"Връзката е по-слаба и минава главно през общество и власт, личност и вътрешен конфликт и вяра и духовност, макар че Вяра и Балкански синдром ги разглеждат в различен контекст."
17,История,18,Ноев ковчег,0.3346,Родина и памет,Родина и памет (0.0946); Вяра и духовност (0.0946); Надежда и общност (0.0684); Личност и вътрешен конфликт (0.0563),"Връзката е по-слаба и минава главно през родина и памет, вяра и духовност и надежда и общност, макар че История и Ноев ковчег ги разглеждат в различен контекст."
22,До моето първо либе,27,Спи езерото,0.334,Личност и вътрешен конфликт,Личност и вътрешен конфликт (0.22); Любов (0.1024); Смърт и саможертва (0.0141); Родина и памет (0.0),"Връзката е по-слаба и минава главно през личност и вътрешен конфликт и любов, макар че До моето първо либе и Спи езерото ги разглеждат в различен контекст."
18,Ноев ковчег,21,Приказка за стълбата,0.3323,Вяра и духовност,Вяра и духовност (0.2083); Личност и вътрешен конфликт (0.0563); Надежда и общност (0.0417); Любов (0.0),"Връзката е по-слаба и минава главно през вяра и духовност, личност и вътрешен конфликт и надежда и общност, макар че Ноев ковчег и Приказка за стълбата ги разглеждат в различен контекст."
12,Честен кръст,27,Спи езерото,0.3315,Личност и вътрешен конфликт,Личност и вътрешен конфликт (0.22); Смърт и саможертва (0.1056); Любов (0.0); Родина и памет (0.0),"Връзката е по-слаба и минава главно през личност и вътрешен конфликт и смърт и саможертва, макар че Честен кръст и Спи езерото ги разглеждат в различен контекст."
4,Спасова могила,20,Андрешко,0.3278,Надежда и общност,Надежда и общност (0.1219); Личност и вътрешен конфликт (0.0568); Вяра и духовност (0.0434); Общество и власт (0.0332),"Връзката е по-слаба и минава главно през надежда и общност, личност и вътрешен конфликт и вяра и духовност, макар че Спасова могила и Андрешко ги разглеждат в различен контекст."
6,Вяра,10,Две души,0.327,Личност и вътрешен конфликт,Личност и вътрешен конфликт (0.1016); Вяра и духовност (0.069); Свобода и бунт (0.0664); Труд и творчество (0.0264),"Връзката е по-слаба и минава главно през личност и вътрешен конфликт, вяра и духовност и свобода и бунт, макар че Вяра и Две души ги разглеждат в различен контекст."
12,Честен кръст,19,Борба,0.3262,Вяра и духовност,Вяра и духовност (0.2154); Личност и вътрешен конфликт (0.0434); Общество и власт (0.028); Свобода и бунт (0.0202),"Връзката е по-слаба и минава главно през вяра и духовност, личност и вътрешен конфликт и общество и власт, макар че Честен кръст и Борба ги разглеждат в различен контекст."
17,История,24,Крадецът на праскови,0.3254,Вяра и духовност,Вяра и духовност (0.0946); Свобода и бунт (0.0808); Надежда и общност (0.0684); Личност и вътрешен конфликт (0.0624),"Връзката е по-слаба и минава главно през вяра и духовност, свобода и бунт и надежда и общност, макар че История и Крадецът на праскови ги разглеждат в различен контекст."
5,Молитва,16,Паисий,0.3234,Вяра и духовност,Вяра и духовност (0.2019); Труд и творчество (0.0228); Личност и вътрешен конфликт (0.0209); Любов (0.0),"Връзката е по-слаба и минава главно през вяра и духовност, труд и творчество и личност и вътрешен конфликт, макар че Молитва и Паисий ги разглеждат в различен контекст."
8,Песента на колелетата,26,Градушка,0.3234,Вяра и духовност,Вяра и духовност (0.1138); Надежда и общност (0.0841); Труд и творчество (0.0837); Личност и вътрешен конфликт (0.044),"Връзката е по-слаба и минава главно през вяра и духовност, надежда и общност и труд и творчество, макар че Песента на колелетата и Градушка ги разглеждат в различен контекст."
9,Балада за Георг Хених,16,Паисий,0.3231,Вяра и духовност,Вяра и духовност (0.1815); Труд и творчество (0.0696); Любов (0.0394); Родина и памет (0.0228),"Връзката е по-слаба и минава главно през вяра и духовност, труд и творчество и любов, макар че Балада за Георг Хених и Паисий ги разглеждат в различен контекст."
10,Две души,13,Железният светилник,0.3216,Личност и вътрешен конфликт,Личност и вътрешен конфликт (0.1201); Свобода и бунт (0.069); Вяра и духовност (0.069); Любов (0.0),"Връзката е по-слаба и минава главно през личност и вътрешен конфликт, свобода и бунт и вяра и духовност, макар че Две души и Железният светилник ги разглеждат в различен контекст."
17,История,25,При Рилския манастир,0.3209,Родина и памет,Родина и памет (0.0946); Вяра и духовност (0.0946); Семейство и род (0.0262); Свобода и бунт (0.0115),"Връзката е по-слаба и минава главно през родина и памет, вяра и духовност и семейство и род, макар че История и При Рилския манастир ги разглеждат в различен контекст."
3,Посвещение,10,Две души,0.3193,Личност и вътрешен конфликт,Личност и вътрешен конфликт (0.154); Вяра и духовност (0.069); Природа (0.0264); Любов (0.0),"Връзката е по-слаба и минава главно през личност и вътрешен конфликт, вяра и духовност и природа, макар че Посвещение и Две души ги разглеждат в различен контекст."
6,Вяра,11,Потомка,0.3181,Личност и вътрешен конфликт,Личност и вътрешен конфликт (0.1016); Вяра и духовност (0.0715); Свобода и бунт (0.0664); Общество и власт (0.0518),"Връзката е по-слаба и минава главно през личност и вътрешен конфликт, вяра и духовност и свобода и бунт, макар че Вяра и Потомка ги разглеждат в различен контекст."
1,Аз искам да те помня все така...,13,Железният светилник,0.3173,Родина и памет,Родина и памет (0.1235); Личност и вътрешен конфликт (0.1201); Надежда и общност (0.0459); Любов (0.0307),"Връзката е по-слаба и минава главно през родина и памет, личност и вътрешен конфликт и надежда и общност, макар че Аз искам да те помня все така... и Железният светилник ги разглеждат в различен контекст."
1,Аз искам да те помня все така...,8,Песента на колелетата,0.3172,Любов,Любов (0.1682); Надежда и общност (0.0459); Личност и вътрешен конфликт (0.044); Труд и творчество (0.0229),"Връзката е по-слаба и минава главно през любов, надежда и общност и личност и вътрешен конфликт, макар че Аз искам да те помня все така... и Песента на колелетата ги разглеждат в различен контекст."
16,Паисий,22,До моето първо либе,0.3153,Родина и памет,Родина и памет (0.124); Свобода и бунт (0.0603); Любов (0.0394); Личност и вътрешен конфликт (0.0209),"Връзката е по-слаба и минава главно през родина и памет, свобода и бунт и любов, макар че Паисий и До моето първо либе ги разглеждат в различен контекст."
9,Балада за Георг Хених,19,Борба,0.3142,Вяра и духовност,Вяра и духовност (0.1815); Общество и власт (0.0761); Надежда и общност (0.0476); Личност и вътрешен конфликт (0.0434),"Връзката е по-слаба и минава главно през вяра и духовност, общество и власт и надежда и общност, макар че Балада за Георг Хених и Борба ги разглеждат в различен контекст."
2,Колко си хубава,5,Молитва,0.3141,Вяра и духовност,Вяра и духовност (0.167); Личност и вътрешен конфликт (0.1233); Любов (0.0); Родина и памет (0.0),"Връзката е по-слаба и минава главно през вяра и духовност и личност и вътрешен конфликт, макар че Колко си хубава и Молитва ги разглеждат в различен контекст."
5,Молитва,17,История,0.3136,Вяра и духовност,Вяра и духовност (0.0946); Надежда и общност (0.0684); Личност и вътрешен конфликт (0.0624); Труд и творчество (0.0228),"Връзката е по-слаба и минава главно през вяра и духовност, надежда и общност и личност и вътрешен конфликт, макар че Молитва и История ги разглеждат в различен контекст."
3,Посвещение,9,Балада за Георг Хених,0.3116,Вяра и духовност,Вяра и духовност (0.115); Личност и вътрешен конфликт (0.099); Надежда и общност (0.0575); Любов (0.0558),"Връзката е по-слаба и минава главно през вяра и духовност, личност и вътрешен конфликт и надежда и общност, макар че Посвещение и Балада за Георг Хених ги разглеждат в различен контекст."
3,Посвещение,12,Честен кръст,0.3106,Личност и вътрешен конфликт,Личност и вътрешен конфликт (0.154); Вяра и духовност (0.115); Любов (0.0); Родина и памет (0.0),"Връзката е по-слаба и минава главно през личност и вътрешен конфликт и вяра и духовност, макар че Посвещение и Честен кръст ги разглеждат в различен контекст."
1,Аз искам да те помня все така...,21,Приказка за стълбата,0.3097,Личност и вътрешен конфликт,Личност и вътрешен конфликт (0.1429); Любов (0.109); Надежда и общност (0.0417); Родина и памет (0.0),"Връзката е по-слаба и минава главно през личност и вътрешен конфликт, любов и надежда и общност, макар че Аз искам да те помня все така... и Приказка за стълбата ги разглеждат в различен контекст."
18,Ноев ковчег,19,Борба,0.3067,Вяра и духовност,Вяра и духовност (0.2154); Надежда и общност (0.0476); Личност и вътрешен конфликт (0.0434); Родина и памет (0.007),"Връзката е по-слаба и минава главно през вяра и духовност, надежда и общност и личност и вътрешен конфликт, макар че Ноев ковчег и Борба ги разглеждат в различен контекст."
2,Колко си хубава,9,Балада за Георг Хених,0.304,Вяра и духовност,Вяра и духовност (0.167); Личност и вътрешен конфликт (0.099); Любов (0.0558); Родина и памет (0.0),"Връзката е по-слаба и минава главно през вяра и духовност, личност и вътрешен конфликт и любов, макар че Колко си хубава и Балада за Георг Хених ги разглеждат в различен контекст."
3,Посвещение,4,Спасова могила,0.3035,Вяра и духовност,Вяра и духовност (0.115); Личност и вътрешен конфликт (0.1113); Надежда и общност (0.0575); Любов (0.0),"Връзката е по-слаба и минава главно през вяра и духовност, личност и вътрешен конфликт и надежда и общност, макар че Посвещение и Спасова могила ги разглеждат в различен контекст."
3,Посвещение,13,Железният светилник,0.3032,Личност и вътрешен конфликт,Личност и вътрешен конфликт (0.1201); Вяра и духовност (0.115); Надежда и общност (0.0575); Любов (0.0307),"Връзката е по-слаба и минава главно през личност и вътрешен конфликт, вяра и духовност и надежда и общност, макар че Посвещение и Железният светилник ги разглеждат в различен контекст."
12,Честен кръст,25,При Рилския манастир,0.3031,Вяра и духовност,Вяра и духовност (0.2531); Свобода и бунт (0.0115); Личност и вътрешен конфликт (0.0115); Любов (0.0),"Връзката е по-слаба и минава главно през вяра и духовност, макар че Честен кръст и При Рилския манастир ги разглеждат в различен контекст."
19,Борба,26,Градушка,0.3029,Вяра и духовност,Вяра и духовност (0.148); Общество и власт (0.0837); Надежда и общност (0.0476); Личност и вътрешен конфликт (0.0434),"Връзката е по-слаба и минава главно през вяра и духовност, общество и власт и надежда и общност, макар че Борба и Градушка ги разглеждат в различен контекст."
12,Честен кръст,16,Паисий,0.3022,Вяра и духовност,Вяра и духовност (0.2019); Труд и творчество (0.0696); Личност и вътрешен конфликт (0.0209); Свобода и бунт (0.0202),"Връзката е по-слаба и минава главно през вяра и духовност, труд и творчество и личност и вътрешен конфликт, макар че Честен кръст и Паисий ги разглеждат в различен контекст."
14,Бай Ганьо журналист,26,Градушка,0.301,Вяра и духовност,Вяра и духовност (0.148); Общество и власт (0.0837); Труд и творчество (0.0619); Родина и памет (0.0232),"Връзката е по-слаба и минава главно през вяра и духовност, общество и власт и труд и творчество, макар че Бай Ганьо журналист и Градушка ги разглеждат в различен контекст."
3,Посвещение,6,Вяра,0.3007,Вяра и духовност,Вяра и духовност (0.115); Личност и вътрешен конфликт (0.1016); Надежда и общност (0.0575); Любов (0.0),"Връзката е по-слаба и минава главно през вяра и духовност, личност и вътрешен конфликт и надежда и общност, макар че Посвещение и Вяра ги разглеждат в различен контекст."
11,Потомка,26,Градушка,0.2973,Личност и вътрешен конфликт,Личност и вътрешен конфликт (0.1441); Вяра и духовност (0.0715); Общество и власт (0.0518); Труд и творчество (0.0274),"Връзката е по-слаба и минава главно през личност и вътрешен конфликт, вяра и духовност и общество и власт, макар че Потомка и Градушка ги разглеждат в различен контекст."
9,Балада за Георг Хених,20,Андрешко,0.2944,Надежда и общност,Надежда и общност (0.1219); Общество и власт (0.0761); Личност и вътрешен конфликт (0.0568); Вяра и духовност (0.0434),"Връзката е по-слаба и минава главно през надежда и общност, общество и власт и личност и вътрешен конфликт, макар че Балада за Георг Хених и Андрешко ги разглеждат в различен контекст."
7,Ветрената мелница,8,Песента на колелетата,0.2933,Труд и творчество,Труд и творчество (0.1333); Надежда и общност (0.0841); Любов (0.0); Родина и памет (0.0),"Връзката е по-слаба и минава главно през труд и творчество и надежда и общност, макар че Ветрената мелница и Песента на колелетата ги разглеждат в различен контекст."
22,До моето първо либе,23,Новото гробище над Сливница,0.2929,Родина и памет,Родина и памет (0.124); Свобода и бунт (0.0617); Личност и вътрешен конфликт (0.0154); Семейство и род (0.0141),"Връзката е по-слаба и минава главно през родина и памет и свобода и бунт, макар че До моето първо либе и Новото гробище над Сливница ги разглеждат в различен контекст."
2,Колко си хубава,13,Железният светилник,0.2872,Вяра и духовност,Вяра и духовност (0.167); Личност и вътрешен конфликт (0.1201); Любов (0.0307); Родина и памет (0.0),"Връзката е по-слаба и минава главно през вяра и духовност, личност и вътрешен конфликт и любов, макар че Колко си хубава и Железният светилник ги разглеждат в различен контекст."
1,Аз искам да те помня все така...,26,Градушка,0.286,Личност и вътрешен конфликт,Личност и вътрешен конфликт (0.1429); Природа (0.0917); Надежда и общност (0.0459); Родина и памет (0.0232),"Връзката е по-слаба и минава главно през личност и вътрешен конфликт, природа и надежда и общност, макар че Аз искам да те помня все така... и Градушка ги разглеждат в различен контекст."
4,Спасова могила,8,Песента на колелетата,0.2832,Вяра и духовност,Вяра и духовност (0.1138); Надежда и общност (0.0841); Личност и вътрешен конфликт (0.044); Любов (0.0),"Връзката е по-слаба и минава главно през вяра и духовност, надежда и общност и личност и вътрешен конфликт, макар че Спасова могила и Песента на колелетата ги разглеждат в различен контекст."
18,Ноев ковчег,27,Спи езерото,0.2827,Природа,Природа (0.1424); Личност и вътрешен конфликт (0.0563); Любов (0.0); Родина и памет (0.0),"Връзката е по-слаба и минава главно през природа и личност и вътрешен конфликт, макар че Ноев ковчег и Спи езерото ги разглеждат в различен контекст."
7,Ветрената мелница,26,Градушка,0.2817,Надежда и общност,Надежда и общност (0.1236); Труд и творчество (0.0837); Родина и памет (0.0232); Любов (0.0),"Връзката е по-слаба и минава главно през надежда и общност, труд и творчество и родина и памет, макар че Ветрената мелница и Градушка ги разглеждат в различен контекст."
2,Колко си хубава,12,Честен кръст,0.2801,Вяра и духовност,Вяра и духовност (0.167); Личност и вътрешен конфликт (0.1233); Любов (0.0); Родина и памет (0.0),"Връзката е по-слаба и минава главно през вяра и духовност и личност и вътрешен конфликт, макар че Колко си хубава и Честен кръст ги разглеждат в различен контекст."
16,Паисий,19,Борба,0.2799,Вяра и духовност,Вяра и духовност (0.2019); Свобода и бунт (0.0603); Личност и вътрешен конфликт (0.0209); Родина и памет (0.007),"Връзката е по-слаба и минава главно през вяра и духовност, свобода и бунт и личност и вътрешен конфликт, макар че Паисий и Борба ги разглеждат в различен контекст."
5,Молитва,8,Песента на колелетата,0.2739,Вяра и духовност,Вяра и духовност (0.1138); Надежда и общност (0.0841); Личност и вътрешен конфликт (0.044); Труд и творчество (0.0228),"Връзката е по-слаба и минава главно през вяра и духовност, надежда и общност и личност и вътрешен конфликт, макар че Молитва и Песента на колелетата ги разглеждат в различен контекст."
1,Аз искам да те помня все така...,25,При Рилския манастир,0.2708,Родина и памет,Родина и памет (0.1235); Природа (0.0917); Любов (0.03); Личност и вътрешен конфликт (0.0115),"Връзката е по-слаба и минава главно през родина и памет, природа и любов, макар че Аз искам да те помня все така... и При Рилския манастир ги разглеждат в различен контекст."
9,Балада за Георг Хених,10,Две души,0.2707,Личност и вътрешен конфликт,Личност и вътрешен конфликт (0.099); Вяра и духовност (0.069); Труд и творчество (0.0264); Любов (0.0),"Връзката е по-слаба и минава главно през личност и вътрешен конфликт, вяра и духовност и труд и творчество, макар че Балада за Георг Хених и Две души ги разглеждат в различен контекст."
4,Спасова могила,11,Потомка,0.2696,Личност и вътрешен конфликт,Личност и вътрешен конфликт (0.1113); Вяра и духовност (0.0715); Родина и памет (0.0696); Общество и власт (0.0332),"Връзката е по-слаба и минава главно през личност и вътрешен конфликт, вяра и духовност и родина и памет, макар че Спасова могила и Потомка ги разглеждат в различен контекст."
18,Ноев ковчег,20,Андрешко,0.2695,Надежда и общност,Надежда и общност (0.1219); Природа (0.0785); Личност и вътрешен конфликт (0.0563); Вяра и духовност (0.0434),"Връзката е по-слаба и минава главно през надежда и общност, природа и личност и вътрешен конфликт, макар че Ноев ковчег и Андрешко ги разглеждат в различен контекст."
8,Песента на колелетата,18,Ноев ковчег,0.2686,Вяра и духовност,Вяра и духовност (0.1138); Надежда и общност (0.0841); Личност и вътрешен конфликт (0.044); Любов (0.0),"Връзката е по-слаба и минава главно през вяра и духовност, надежда и общност и личност и вътрешен конфликт, макар че Песента на колелетата и Ноев ковчег ги разглеждат в различен контекст."
21,Приказка за стълбата,27,Спи езерото,0.2678,Личност и вътрешен конфликт,Личност и вътрешен конфликт (0.2083); Любов (0.1024); Родина и памет (0.0); Свобода и бунт (0.0),"Връзката е по-слаба и минава главно през личност и вътрешен конфликт и любов, макар че Приказка за стълбата и Спи езерото ги разглеждат в различен контекст."
2,Колко си хубава,27,Спи езерото,0.2675,Личност и вътрешен конфликт,Личност и вътрешен конфликт (0.1233); Любов (0.1024); Родина и памет (0.0); Свобода и бунт (0.0),"Връзката е по-слаба и минава главно през личност и вътрешен конфликт и любов, макар че Колко си хубава и Спи езерото ги разглеждат в различен контекст."
9,Балада за Георг Хених,25,При Рилския манастир,0.266,Вяра и духовност,Вяра и духовност (0.1815); Любов (0.03); Родина и памет (0.0228); Личност и вътрешен конфликт (0.0115),"Връзката е по-слаба и минава главно през вяра и духовност, любов и родина и памет, макар че Балада за Георг Хених и При Рилския манастир ги разглеждат в различен контекст."
4,Спасова могила,10,Две души,0.2656,Личност и вътрешен конфликт,Личност и вътрешен конфликт (0.1113); Вяра и духовност (0.069); Любов (0.0); Родина и памет (0.0),"Връзката е по-слаба и минава главно през личност и вътрешен конфликт и вяра и духовност, макар че Спасова могила и Две души ги разглеждат в различен контекст."
9,Балада за Георг Хених,11,Потомка,0.2636,Личност и вътрешен конфликт,Личност и вътрешен конфликт (0.099); Вяра и духовност (0.0715); Общество и власт (0.0518); Труд и творчество (0.0274),"Връзката е по-слаба и минава главно през личност и вътрешен конфликт, вяра и духовност и общество и власт, макар че Балада за Георг Хених и Потомка ги разглеждат в различен контекст."
1,Аз искам да те помня все така...,11,Потомка,0.263,Личност и вътрешен конфликт,Личност и вътрешен конфликт (0.1429); Родина и памет (0.1235); Труд и творчество (0.0229); Любов (0.0),"Връзката е по-слаба и минава главно през личност и вътрешен конфликт, родина и памет и труд и творчество, макар че Аз искам да те помня все така... и Потомка ги разглеждат в различен контекст."
19,Борба,25,При Рилския манастир,0.2622,Вяра и духовност,Вяра и духовност (0.2154); Свобода и бунт (0.0115); Личност и вътрешен конфликт (0.0115); Родина и памет (0.007),"Връзката е по-слаба и минава главно през вяра и духовност, макар че Борба и При Рилския манастир ги разглеждат в различен контекст."
1,Аз искам да те помня все така...,18,Ноев ковчег,0.2621,Родина и памет,Родина и памет (0.1235); Природа (0.0917); Личност и вътрешен конфликт (0.0563); Надежда и общност (0.0459),"Връзката е по-слаба и минава главно през родина и памет, природа и личност и вътрешен конфликт, макар че Аз искам да те помня все така... и Ноев ковчег ги разглеждат в различен контекст."
12,Честен кръст,14,Бай Ганьо журналист,0.2601,Вяра и духовност,Вяра и духовност (0.1615); Труд и творчество (0.0619); Общество и власт (0.028); Любов (0.0),"Връзката е по-слаба и минава главно през вяра и духовност, труд и творчество и общество и власт, макар че Честен кръст и Бай Ганьо журналист ги разглеждат в различен контекст."
21,Приказка за стълбата,25,При Рилския манастир,0.259,Вяра и духовност,Вяра и духовност (0.2083); Любов (0.03); Личност и вътрешен конфликт (0.0115); Родина и памет (0.0),"Връзката е по-слаба и минава главно през вяра и духовност и любов, макар че Приказка за стълбата и При Рилския манастир ги разглеждат в различен контекст."
15,Балкански синдром,24,Крадецът на праскови,0.2577,Личност и вътрешен конфликт,Личност и вътрешен конфликт (0.0963); Чуждото и другият (0.0647); Вяра и духовност (0.051); Общество и власт (0.0423),"Връзката е по-слаба и минава главно през личност и вътрешен конфликт, чуждото и другият и вяра и духовност, макар че Балкански синдром и Крадецът на праскови ги разглеждат в различен контекст."
6,Вяра,22,До моето първо либе,0.2573,Личност и вътрешен конфликт,Личност и вътрешен конфликт (0.1016); Свобода и бунт (0.0664); Общество и власт (0.037); Любов (0.0),"Връзката е по-слаба и минава главно през личност и вътрешен конфликт, свобода и бунт и общество и власт, макар че Вяра и До моето първо либе ги разглеждат в различен контекст."
4,Спасова могила,14,Бай Ганьо журналист,0.2569,Вяра и духовност,Вяра и духовност (0.1615); Родина и памет (0.0619); Чуждото и другият (0.0364); Общество и власт (0.0332),"Връзката е по-слаба и минава главно през вяра и духовност, родина и памет и чуждото и другият, макар че Спасова могила и Бай Ганьо журналист ги разглеждат в различен контекст."
15,Балкански синдром,26,Градушка,0.2566,Личност и вътрешен конфликт,Личност и вътрешен конфликт (0.0963); Общество и власт (0.0837); Вяра и духовност (0.051); Родина и памет (0.0232),"Връзката е по-слаба и минава главно през личност и вътрешен конфликт, общество и власт и вяра и духовност, макар че Балкански синдром и Градушка ги разглеждат в различен контекст."
17,История,23,Новото гробище над Сливница,0.2561,Родина и памет,Родина и памет (0.0946); Свобода и бунт (0.0617); Семейство и род (0.0262); Смърт и саможертва (0.0262),"Връзката е по-слаба и минава главно през родина и памет, свобода и бунт и семейство и род, макар че История и Новото гробище над Сливница ги разглеждат в различен контекст."
2,Колко си хубава,6,Вяра,0.2547,Вяра и духовност,Вяра и духовност (0.167); Личност и вътрешен конфликт (0.1016); Любов (0.0); Родина и памет (0.0),"Връзката е по-слаба и минава главно през вяра и духовност и личност и вътрешен конфликт, макар че Колко си хубава и Вяра ги разглеждат в различен контекст."
10,Две души,17,История,0.2541,Свобода и бунт,Свобода и бунт (0.069); Вяра и духовност (0.069); Личност и вътрешен конфликт (0.0624); Труд и творчество (0.0264),"Връзката е по-слаба и минава главно през свобода и бунт, вяра и духовност и личност и вътрешен конфликт, макар че Две души и История ги разглеждат в различен контекст."
20,Андрешко,24,Крадецът на праскови,0.2533,Свобода и бунт,Свобода и бунт (0.0808); Надежда и общност (0.0746); Личност и вътрешен конфликт (0.0568); Вяра и духовност (0.0434),"Връзката е по-слаба и минава главно през свобода и бунт, надежда и общност и личност и вътрешен конфликт, макар че Андрешко и Крадецът на праскови ги разглеждат в различен контекст."
11,Потомка,18,Ноев ковчег,0.252,Родина и памет,Родина и памет (0.1263); Вяра и духовност (0.0715); Личност и вътрешен конфликт (0.0563); Любов (0.0),"Връзката е по-слаба и минава главно през родина и памет, вяра и духовност и личност и вътрешен конфликт, макар че Потомка и Ноев ковчег ги разглеждат в различен контекст."
1,Аз искам да те помня все така...,16,Паисий,0.2504,Родина и памет,Родина и памет (0.1235); Любов (0.0394); Труд и творчество (0.0229); Личност и вътрешен конфликт (0.0209),"Връзката е по-слаба и минава главно през родина и памет, любов и труд и творчество, макар че Аз искам да те помня все така... и Паисий ги разглеждат в различен контекст."
14,Бай Ганьо журналист,16,Паисий,0.2482,Вяра и духовност,Вяра и духовност (0.1615); Родина и памет (0.0619); Труд и творчество (0.0619); Любов (0.0),"Връзката е по-слаба и минава главно през вяра и духовност, родина и памет и труд и творчество, макар че Бай Ганьо журналист и Паисий ги разглеждат в различен контекст."
9,Балада за Георг Хених,15,Балкански синдром,0.2472,Личност и вътрешен конфликт,Личност и вътрешен конфликт (0.0963); Общество и власт (0.0761); Вяра и духовност (0.051); Родина и памет (0.0228),"Връзката е по-слаба и минава главно през личност и вътрешен конфликт, общество и власт и вяра и духовност, макар че Балада за Георг Хених и Балкански синдром ги разглеждат в различен контекст."
1,Аз искам да те помня все така...,10,Две души,0.2452,Личност и вътрешен конфликт,Личност и вътрешен конфликт (0.1429); Природа (0.0264); Труд и творчество (0.0229); Любов (0.0),"Връзката е по-слаба и минава главно през личност и вътрешен конфликт, природа и труд и творчество, макар че Аз искам да те помня все така... и Две души ги разглеждат в различен контекст."
1,Аз искам да те помня все така...,9,Балада за Георг Хених,0.2451,Личност и вътрешен конфликт,Личност и вътрешен конфликт (0.099); Любов (0.0558); Надежда и общност (0.0459); Труд и творчество (0.0229),"Връзката е по-слаба и минава главно през личност и вътрешен конфликт, любов и надежда и общност, макар че Аз искам да те помня все така... и Балада за Георг Хених ги разглеждат в различен контекст."
23,Новото гробище над Сливница,24,Крадецът на праскови,0.2426,Смърт и саможертва,Смърт и саможертва (0.1194); Свобода и бунт (0.0617); Семейство и род (0.0224); Чуждото и другият (0.0214),"Връзката е по-слаба и минава главно през смърт и саможертва, свобода и бунт и семейство и род, макар че Новото гробище над Сливница и Крадецът на праскови ги разглеждат в различен контекст."
22,До моето първо либе,25,При Рилския манастир,0.2424,Родина и памет,Родина и памет (0.124); Любов (0.03); Семейство и род (0.0141); Свобода и бунт (0.0115),"Връзката е по-слаба и минава главно през родина и памет и любов, макар че До моето първо либе и При Рилския манастир ги разглеждат в различен контекст."
3,Посвещение,11,Потомка,0.2415,Личност и вътрешен конфликт,Личност и вътрешен конфликт (0.154); Вяра и духовност (0.0715); Любов (0.0); Родина и памет (0.0),"Връзката е по-слаба и минава главно през личност и вътрешен конфликт и вяра и духовност, макар че Посвещение и Потомка ги разглеждат в различен контекст."
2,Колко си хубава,4,Спасова могила,0.2414,Вяра и духовност,Вяра и духовност (0.167); Личност и вътрешен конфликт (0.1113); Любов (0.0); Родина и памет (0.0),"Връзката е по-слаба и минава главно през вяра и духовност и личност и вътрешен конфликт, макар че Колко си хубава и Спасова могила ги разглеждат в различен контекст."
24,Крадецът на праскови,25,При Рилския манастир,0.2412,Вяра и духовност,Вяра и духовност (0.1393); Любов (0.03); Семейство и род (0.0224); Свобода и бунт (0.0115),"Връзката е по-слаба и минава главно през вяра и духовност, любов и семейство и род, макар че Крадецът на праскови и При Рилския манастир ги разглеждат в различен контекст."
8,Песента на колелетата,21,Приказка за стълбата,0.2382,Вяра и духовност,Вяра и духовност (0.1138); Любов (0.109); Личност и вътрешен конфликт (0.044); Надежда и общност (0.0417),"Връзката е по-слаба и минава главно през вяра и духовност, любов и личност и вътрешен конфликт, макар че Песента на колелетата и Приказка за стълбата ги разглеждат в различен контекст."
16,Паисий,24,Крадецът на праскови,0.2381,Вяра и духовност,Вяра и духовност (0.1393); Свобода и бунт (0.0603); Любов (0.0394); Семейство и род (0.0224),"Връзката е по-слаба и минава главно през вяра и духовност, свобода и бунт и любов, макар че Паисий и Крадецът на праскови ги разглеждат в различен контекст."
11,Потомка,27,Спи езерото,0.2356,Личност и вътрешен конфликт,Личност и вътрешен конфликт (0.22); Любов (0.0); Родина и памет (0.0); Свобода и бунт (0.0),"Връзката е по-слаба и минава главно през личност и вътрешен конфликт, макар че Потомка и Спи езерото ги разглеждат в различен контекст."
16,Паисий,21,Приказка за стълбата,0.2351,Вяра и духовност,Вяра и духовност (0.2019); Любов (0.0394); Личност и вътрешен конфликт (0.0209); Родина и памет (0.0),"Връзката е по-слаба и минава главно през вяра и духовност, любов и личност и вътрешен конфликт, макар че Паисий и Приказка за стълбата ги разглеждат в различен контекст."
5,Молитва,7,Ветрената мелница,0.2335,Надежда и общност,Надежда и общност (0.174); Труд и творчество (0.0228); Любов (0.0); Родина и памет (0.0),"Връзката е по-слаба и минава главно през надежда и общност и труд и творчество, макар че Молитва и Ветрената мелница ги разглеждат в различен контекст."
16,Паисий,26,Градушка,0.2313,Вяра и духовност,Вяра и духовност (0.148); Труд и творчество (0.0696); Родина и памет (0.0232); Личност и вътрешен конфликт (0.0209),"Връзката е по-слаба и минава главно през вяра и духовност, труд и творчество и родина и памет, макар че Паисий и Градушка ги разглеждат в различен контекст."
8,Песента на колелетата,16,Паисий,0.2303,Вяра и духовност,Вяра и духовност (0.1138); Труд и творчество (0.0696); Любов (0.0394); Личност и вътрешен конфликт (0.0209),"Връзката е по-слаба и минава главно през вяра и духовност, труд и творчество и любов, макар че Песента на колелетата и Паисий ги разглеждат в различен контекст."
13,Железният светилник,14,Бай Ганьо журналист,0.2301,Вяра и духовност,Вяра и духовност (0.1615); Родина и памет (0.0619); Общество и власт (0.0163); Любов (0.0),"Връзката е по-слаба и минава главно през вяра и духовност и родина и памет, макар че Железният светилник и Бай Ганьо журналист ги разглеждат в различен контекст."
11,Потомка,15,Балкански синдром,0.2288,Личност и вътрешен конфликт,Личност и вътрешен конфликт (0.0963); Общество и власт (0.0518); Родина и памет (0.051); Вяра и духовност (0.051),"Връзката е по-слаба и минава главно през личност и вътрешен конфликт, общество и власт и родина и памет, макар че Потомка и Балкански синдром ги разглеждат в различен контекст."
14,Бай Ганьо журналист,24,Крадецът на праскови,0.2276,Вяра и духовност,Вяра и духовност (0.1393); Чуждото и другият (0.0447); Общество и власт (0.0423); Любов (0.0),"Връзката е по-слаба и минава главно през вяра и духовност, чуждото и другият и общество и власт, макар че Бай Ганьо журналист и Крадецът на праскови ги разглеждат в различен контекст."
7,Ветрената мелница,20,Андрешко,0.2273,Надежда и общност,Надежда и общност (0.1219); Родина и памет (0.0217); Любов (0.0); Свобода и бунт (0.0),"Връзката е по-слаба и минава главно през надежда и общност и родина и памет, макар че Ветрената мелница и Андрешко ги разглеждат в различен контекст."
9,Балада за Георг Хених,22,До моето първо либе,0.2272,Личност и вътрешен конфликт,Личност и вътрешен конфликт (0.099); Любов (0.0558); Общество и власт (0.037); Родина и памет (0.0228),"Връзката е по-слаба и минава главно през личност и вътрешен конфликт, любов и общество и власт, макар че Балада за Георг Хених и До моето първо либе ги разглеждат в различен контекст."
22,До моето първо либе,26,Градушка,0.2256,Личност и вътрешен конфликт,Личност и вътрешен конфликт (0.1441); Общество и власт (0.037); Родина и памет (0.0232); Свобода и бунт (0.0167),"Връзката е по-слаба и минава главно през личност и вътрешен конфликт, общество и власт и родина и памет, макар че До моето първо либе и Градушка ги разглеждат в различен контекст."
14,Бай Ганьо журналист,25,При Рилския манастир,0.2253,Вяра и духовност,Вяра и духовност (0.1615); Родина и памет (0.0619); Любов (0.0); Свобода и бунт (0.0),"Връзката е по-слаба и минава главно през вяра и духовност и родина и памет, макар че Бай Ганьо журналист и При Рилския манастир ги разглеждат в различен контекст."
8,Песента на колелетата,22,До моето първо либе,0.2245,Любов,Любов (0.1682); Личност и вътрешен конфликт (0.044); Родина и памет (0.0); Свобода и бунт (0.0),"Връзката е по-слаба и минава главно през любов и личност и вътрешен конфликт, макар че Песента на колелетата и До моето първо либе ги разглеждат в различен контекст."
13,Железният светилник,20,Андрешко,0.2228,Свобода и бунт,Свобода и бунт (0.0868); Надежда и общност (0.0705); Личност и вътрешен конфликт (0.0568); Вяра и духовност (0.0434),"Връзката е по-слаба и минава главно през свобода и бунт, надежда и общност и личност и вътрешен конфликт, макар че Железният светилник и Андрешко ги разглеждат в различен контекст."
2,Колко си хубава,25,При Рилския манастир,0.222,Вяра и духовност,Вяра и духовност (0.167); Любов (0.03); Личност и вътрешен конфликт (0.0115); Родина и памет (0.0),"Връзката е по-слаба и минава главно през вяра и духовност и любов, макар че Колко си хубава и При Рилския манастир ги разглеждат в различен контекст."
5,Молитва,14,Бай Ганьо журналист,0.2209,Вяра и духовност,Вяра и духовност (0.1615); Труд и творчество (0.0228); Любов (0.0); Родина и памет (0.0),"Връзката е по-слаба и минава главно през вяра и духовност и труд и творчество, макар че Молитва и Бай Ганьо журналист ги разглеждат в различен контекст."
2,Колко си хубава,26,Градушка,0.2206,Вяра и духовност,Вяра и духовност (0.148); Личност и вътрешен конфликт (0.1233); Любов (0.0); Родина и памет (0.0),"Връзката е по-слаба и минава главно през вяра и духовност и личност и вътрешен конфликт, макар че Колко си хубава и Градушка ги разглеждат в различен контекст."
2,Колко си хубава,10,Две души,0.2184,Личност и вътрешен конфликт,Личност и вътрешен конфликт (0.1233); Вяра и духовност (0.069); Любов (0.0); Родина и памет (0.0),"Връзката е по-слаба и минава главно през личност и вътрешен конфликт и вяра и духовност, макар че Колко си хубава и Две души ги разглеждат в различен контекст."
11,Потомка,20,Андрешко,0.218,Свобода и бунт,Свобода и бунт (0.0868); Личност и вътрешен конфликт (0.0568); Общество и власт (0.0518); Вяра и духовност (0.0434),"Връзката е по-слаба и минава главно през свобода и бунт, личност и вътрешен конфликт и общество и власт, макар че Потомка и Андрешко ги разглеждат в различен контекст."
8,Песента на колелетата,13,Железният светилник,0.2147,Вяра и духовност,Вяра и духовност (0.1138); Надежда и общност (0.0705); Личност и вътрешен конфликт (0.044); Любов (0.0307),"Връзката е по-слаба и минава главно през вяра и духовност, надежда и общност и личност и вътрешен конфликт, макар че Песента на колелетата и Железният светилник ги разглеждат в различен контекст."
18,Ноев ковчег,23,Новото гробище над Сливница,0.2114,Родина и памет,Родина и памет (0.1374); Личност и вътрешен конфликт (0.0154); Любов (0.0); Свобода и бунт (0.0),"Връзката е по-слаба и минава главно през родина и памет, макар че Ноев ковчег и Новото гробище над Сливница ги разглеждат в различен контекст."
1,Аз искам да те помня все така...,7,Ветрената мелница,0.2111,Родина и памет,Родина и памет (0.1235); Надежда и общност (0.0459); Труд и творчество (0.0229); Любов (0.0),"Връзката е по-слаба и минава главно през родина и памет, надежда и общност и труд и творчество, макар че Аз искам да те помня все така... и Ветрената мелница ги разглеждат в различен контекст."
5,Молитва,22,До моето първо либе,0.21,Личност и вътрешен конфликт,Личност и вътрешен конфликт (0.2056); Любов (0.0); Родина и памет (0.0); Свобода и бунт (0.0),"Връзката е по-слаба и минава главно през личност и вътрешен конфликт, макар че Молитва и До моето първо либе ги разглеждат в различен контекст."
20,Андрешко,22,До моето първо либе,0.2096,Свобода и бунт,Свобода и бунт (0.0868); Личност и вътрешен конфликт (0.0568); Общество и власт (0.037); Родина и памет (0.0217),"Връзката е по-слаба и минава главно през свобода и бунт, личност и вътрешен конфликт и общество и власт, макар че Андрешко и До моето първо либе ги разглеждат в различен контекст."
14,Бай Ганьо журналист,18,Ноев ковчег,0.2079,Вяра и духовност,Вяра и духовност (0.1615); Родина и памет (0.0619); Любов (0.0); Свобода и бунт (0.0),"Връзката е по-слаба и минава главно през вяра и духовност и родина и памет, макар че Бай Ганьо журналист и Ноев ковчег ги разглеждат в различен контекст."
12,Честен кръст,15,Балкански синдром,0.2064,Личност и вътрешен конфликт,Личност и вътрешен конфликт (0.0963); Вяра и духовност (0.051); Общество и власт (0.028); Любов (0.0),"Връзката е по-слаба и минава главно през личност и вътрешен конфликт, вяра и духовност и общество и власт, макар че Честен кръст и Балкански синдром ги разглеждат в различен контекст."
4,Спасова могила,15,Балкански синдром,0.2026,Личност и вътрешен конфликт,Личност и вътрешен конфликт (0.0963); Родина и памет (0.051); Вяра и духовност (0.051); Чуждото и другият (0.0364),"Връзката е по-слаба и минава главно през личност и вътрешен конфликт, родина и памет и вяра и духовност, макар че Спасова могила и Балкански синдром ги разглеждат в различен контекст."
2,Колко си хубава,18,Ноев ковчег,0.2019,Вяра и духовност,Вяра и духовност (0.167); Личност и вътрешен конфликт (0.0563); Любов (0.0); Родина и памет (0.0),"Връзката е по-слаба и минава главно през вяра и духовност и личност и вътрешен конфликт, макар че Колко си хубава и Ноев ковчег ги разглеждат в различен контекст."
2,Колко си хубава,16,Паисий,0.2012,Вяра и духовност,Вяра и духовност (0.167); Любов (0.0394); Личност и вътрешен конфликт (0.0209); Родина и памет (0.0),"Връзката е по-слаба и минава главно през вяра и духовност, любов и личност и вътрешен конфликт, макар че Колко си хубава и Паисий ги разглеждат в различен контекст."
13,Железният светилник,15,Балкански синдром,0.1997,Личност и вътрешен конфликт,Личност и вътрешен конфликт (0.0963); Родина и памет (0.051); Вяра и духовност (0.051); Общество и власт (0.0163),"Връзката е по-слаба и минава главно през личност и вътрешен конфликт, родина и памет и вяра и духовност, макар че Железният светилник и Балкански синдром ги разглеждат в различен контекст."
11,Потомка,14,Бай Ганьо журналист,0.1985,Вяра и духовност,Вяра и духовност (0.0715); Родина и памет (0.0619); Общество и власт (0.0518); Труд и творчество (0.0274),"Връзката е по-слаба и минава главно през вяра и духовност, родина и памет и общество и власт, макар че Потомка и Бай Ганьо журналист ги разглеждат в различен контекст."
5,Молитва,20,Андрешко,0.1963,Надежда и общност,Надежда и общност (0.1219); Личност и вътрешен конфликт (0.0568); Вяра и духовност (0.0434); Любов (0.0),"Връзката е по-слаба и минава главно през надежда и общност, личност и вътрешен конфликт и вяра и духовност, макар че Молитва и Андрешко ги разглеждат в различен контекст."
10,Две души,19,Борба,0.1955,Свобода и бунт,Свобода и бунт (0.069); Вяра и духовност (0.069); Личност и вътрешен конфликт (0.0434); Любов (0.0),"Връзката е по-слаба и минава главно през свобода и бунт, вяра и духовност и личност и вътрешен конфликт, макар че Две души и Борба ги разглеждат в различен контекст."
5,Молитва,27,Спи езерото,0.1948,Личност и вътрешен конфликт,Личност и вътрешен конфликт (0.2056); Любов (0.0); Родина и памет (0.0); Свобода и бунт (0.0),"Връзката е по-слаба и минава главно през личност и вътрешен конфликт, макар че Молитва и Спи езерото ги разглеждат в различен контекст."
4,Спасова могила,22,До моето първо либе,0.194,Личност и вътрешен конфликт,Личност и вътрешен конфликт (0.1113); Родина и памет (0.0696); Общество и власт (0.0332); Любов (0.0),"Връзката е по-слаба и минава главно през личност и вътрешен конфликт, родина и памет и общество и власт, макар че Спасова могила и До моето първо либе ги разглеждат в различен контекст."
15,Балкански синдром,22,До моето първо либе,0.1932,Личност и вътрешен конфликт,Личност и вътрешен конфликт (0.0963); Родина и памет (0.051); Общество и власт (0.037); Любов (0.0),"Връзката е по-слаба и минава главно през личност и вътрешен конфликт, родина и памет и общество и власт, макар че Балкански синдром и До моето първо либе ги разглеждат в различен контекст."
1,Аз искам да те помня все така...,4,Спасова могила,0.1928,Личност и вътрешен конфликт,Личност и вътрешен конфликт (0.1113); Родина и памет (0.0696); Надежда и общност (0.0459); Любов (0.0),"Връзката е по-слаба и минава главно през личност и вътрешен конфликт, родина и памет и надежда и общност, макар че Аз искам да те помня все така... и Спасова могила ги разглеждат в различен контекст."
1,Аз искам да те помня все така...,23,Новото гробище над Сливница,0.1869,Родина и памет,Родина и памет (0.1235); Личност и вътрешен конфликт (0.0154); Любов (0.0); Свобода и бунт (0.0),"Връзката е по-слаба и минава главно през родина и памет, макар че Аз искам да те помня все така... и Новото гробище над Сливница ги разглеждат в различен контекст."
1,Аз искам да те помня все така...,12,Честен кръст,0.1864,Личност и вътрешен конфликт,Личност и вътрешен конфликт (0.1429); Труд и творчество (0.0229); Любов (0.0); Родина и памет (0.0),"Връзката е по-слаба и минава главно през личност и вътрешен конфликт и труд и творчество, макар че Аз искам да те помня все така... и Честен кръст ги разглеждат в различен контекст."
10,Две души,15,Балкански синдром,0.185,Личност и вътрешен конфликт,Личност и вътрешен конфликт (0.0963); Вяра и духовност (0.051); Любов (0.0); Родина и памет (0.0),"Връзката е по-слаба и минава главно през личност и вътрешен конфликт и вяра и духовност, макар че Две души и Балкански синдром ги разглеждат в различен контекст."
2,Колко си хубава,11,Потомка,0.1825,Личност и вътрешен конфликт,Личност и вътрешен конфликт (0.1233); Вяра и духовност (0.0715); Любов (0.0); Родина и памет (0.0),"Връзката е по-слаба и минава главно през личност и вътрешен конфликт и вяра и духовност, макар че Колко си хубава и Потомка ги разглеждат в различен контекст."
3,Посвещение,17,История,0.1814,Вяра и духовност,Вяра и духовност (0.0946); Личност и вътрешен конфликт (0.0624); Надежда и общност (0.0575); Любов (0.0),"Връзката е по-слаба и минава главно през вяра и духовност, личност и вътрешен конфликт и надежда и общност, макар че Посвещение и История ги разглеждат в различен контекст."
1,Аз искам да те помня все така...,5,Молитва,0.1801,Личност и вътрешен конфликт,Личност и вътрешен конфликт (0.1429); Надежда и общност (0.0459); Труд и творчество (0.0228); Любов (0.0),"Връзката е по-слаба и минава главно през личност и вътрешен конфликт, надежда и общност и труд и творчество, макар че Аз искам да те помня все така... и Молитва ги разглеждат в различен контекст."
10,Две души,18,Ноев ковчег,0.1789,Вяра и духовност,Вяра и духовност (0.069); Личност и вътрешен конфликт (0.0563); Природа (0.0264); Любов (0.0),"Връзката е по-слаба и минава главно през вяра и духовност, личност и вътрешен конфликт и природа, макар че Две души и Ноев ковчег ги разглеждат в различен контекст."
12,Честен кръст,23,Новото гробище над Сливница,0.1784,Смърт и саможертва,Смърт и саможертва (0.1056); Свобода и бунт (0.0202); Личност и вътрешен конфликт (0.0154); Любов (0.0),"Връзката е по-слаба и минава главно през смърт и саможертва и свобода и бунт, макар че Честен кръст и Новото гробище над Сливница ги разглеждат в различен контекст."
7,Ветрената мелница,11,Потомка,0.1779,Родина и памет,Родина и памет (0.1263); Труд и творчество (0.0274); Любов (0.0); Свобода и бунт (0.0),"Връзката е по-слаба и минава главно през родина и памет и труд и творчество, макар че Ветрената мелница и Потомка ги разглеждат в различен контекст."
23,Новото гробище над Сливница,27,Спи езерото,0.1772,Смърт и саможертва,Смърт и саможертва (0.1416); Личност и вътрешен конфликт (0.0154); Любов (0.0); Родина и памет (0.0),"Връзката е по-слаба и минава главно през смърт и саможертва, макар че Новото гробище над Сливница и Спи езерото ги разглеждат в различен контекст."
1,Аз искам да те помня все така...,17,История,0.1757,Родина и памет,Родина и памет (0.0946); Личност и вътрешен конфликт (0.0624); Надежда и общност (0.0459); Труд и творчество (0.0229),"Връзката е по-слаба и минава главно през родина и памет, личност и вътрешен конфликт и надежда и общност, макар че Аз искам да те помня все така... и История ги разглеждат в различен контекст."
3,Посвещение,19,Борба,0.1742,Вяра и духовност,Вяра и духовност (0.115); Надежда и общност (0.0476); Личност и вътрешен конфликт (0.0434); Любов (0.0),"Връзката е по-слаба и минава главно през вяра и духовност, надежда и общност и личност и вътрешен конфликт, макар че Посвещение и Борба ги разглеждат в различен контекст."
2,Колко си хубава,19,Борба,0.1736,Вяра и духовност,Вяра и духовност (0.167); Личност и вътрешен конфликт (0.0434); Любов (0.0); Родина и памет (0.0),"Връзката е по-слаба и минава главно през вяра и духовност и личност и вътрешен конфликт, макар че Колко си хубава и Борба ги разглеждат в различен контекст."
3,Посвещение,16,Паисий,0.1687,Вяра и духовност,Вяра и духовност (0.115); Любов (0.0394); Личност и вътрешен конфликт (0.0209); Родина и памет (0.0),"Връзката е по-слаба и минава главно през вяра и духовност, любов и личност и вътрешен конфликт, макар че Посвещение и Паисий ги разглеждат в различен контекст."
8,Песента на колелетата,14,Бай Ганьо журналист,0.1658,Вяра и духовност,Вяра и духовност (0.1138); Труд и творчество (0.0619); Любов (0.0); Родина и памет (0.0),"Връзката е по-слаба и минава главно през вяра и духовност и труд и творчество, макар че Песента на колелетата и Бай Ганьо журналист ги разглеждат в различен контекст."
7,Ветрената мелница,22,До моето първо либе,0.1624,Родина и памет,Родина и памет (0.124); Любов (0.0); Свобода и бунт (0.0); Вяра и духовност (0.0),"Връзката е по-слаба и минава главно през родина и памет, макар че Ветрената мелница и До моето първо либе ги разглеждат в различен контекст."
3,Посвещение,20,Андрешко,0.1621,Природа,Природа (0.0785); Надежда и общност (0.0575); Личност и вътрешен конфликт (0.0568); Вяра и духовност (0.0434),"Връзката е по-слаба и минава главно през природа, надежда и общност и личност и вътрешен конфликт, макар че Посвещение и Андрешко ги разглеждат в различен контекст."
12,Честен кръст,20,Андрешко,0.161,Личност и вътрешен конфликт,Личност и вътрешен конфликт (0.0568); Вяра и духовност (0.0434); Общество и власт (0.028); Свобода и бунт (0.0202),"Връзката е по-слаба и минава главно през личност и вътрешен конфликт, вяра и духовност и общество и власт, макар че Честен кръст и Андрешко ги разглеждат в различен контекст."
10,Две души,20,Андрешко,0.1602,Свобода и бунт,Свобода и бунт (0.069); Личност и вътрешен конфликт (0.0568); Вяра и духовност (0.0434); Природа (0.0264),"Връзката е по-слаба и минава главно през свобода и бунт, личност и вътрешен конфликт и вяра и духовност, макар че Две души и Андрешко ги разглеждат в различен контекст."
18,Ноев ковчег,22,До моето първо либе,0.1602,Родина и памет,Родина и памет (0.124); Личност и вътрешен конфликт (0.0563); Любов (0.0); Свобода и бунт (0.0),"Връзката е по-слаба и минава главно през родина и памет и личност и вътрешен конфликт, макар че Ноев ковчег и До моето първо либе ги разглеждат в различен контекст."
8,Песента на колелетата,19,Борба,0.1594,Вяра и духовност,Вяра и духовност (0.1138); Надежда и общност (0.0476); Личност и вътрешен конфликт (0.0434); Любов (0.0),"Връзката е по-слаба и минава главно през вяра и духовност, надежда и общност и личност и вътрешен конфликт, макар че Песента на колелетата и Борба ги разглеждат в различен контекст."
1,Аз искам да те помня все така...,6,Вяра,0.1585,Личност и вътрешен конфликт,Личност и вътрешен конфликт (0.1016); Надежда и общност (0.0459); Труд и творчество (0.0229); Любов (0.0),"Връзката е по-слаба и минава главно през личност и вътрешен конфликт, надежда и общност и труд и творчество, макар че Аз искам да те помня все така... и Вяра ги разглеждат в различен контекст."
8,Песента на колелетата,25,При Рилския манастир,0.1585,Вяра и духовност,Вяра и духовност (0.1138); Любов (0.03); Личност и вътрешен конфликт (0.0115); Родина и памет (0.0),"Връзката е по-слаба и минава главно през вяра и духовност и любов, макар че Песента на колелетата и При Рилския манастир ги разглеждат в различен контекст."
20,Андрешко,27,Спи езерото,0.1579,Природа,Природа (0.0785); Личност и вътрешен конфликт (0.0568); Любов (0.0); Родина и памет (0.0),"Връзката е по-слаба и минава главно през природа и личност и вътрешен конфликт, макар че Андрешко и Спи езерото ги разглеждат в различен контекст."
13,Железният светилник,27,Спи езерото,0.1528,Личност и вътрешен конфликт,Личност и вътрешен конфликт (0.1201); Любов (0.0307); Родина и памет (0.0); Свобода и бунт (0.0),"Връзката е по-слаба и минава главно през личност и вътрешен конфликт и любов, макар че Железният светилник и Спи езерото ги разглеждат в различен контекст."
8,Песента на колелетата,10,Две души,0.151,Вяра и духовност,Вяра и духовност (0.069); Личност и вътрешен конфликт (0.044); Труд и творчество (0.0264); Любов (0.0),"Връзката е по-слаба и минава главно през вяра и духовност, личност и вътрешен конфликт и труд и творчество, макар че Песента на колелетата и Две души ги разглеждат в различен контекст."
9,Балада за Георг Хених,27,Спи езерото,0.1494,Личност и вътрешен конфликт,Личност и вътрешен конфликт (0.099); Любов (0.0558); Родина и памет (0.0); Свобода и бунт (0.0),"Връзката е по-слаба и минава главно през личност и вътрешен конфликт и любов, макар че Балада за Георг Хених и Спи езерото ги разглеждат в различен контекст."
15,Балкански синдром,18,Ноев ковчег,0.1484,Личност и вътрешен конфликт,Личност и вътрешен конфликт (0.0563); Родина и памет (0.051); Вяра и духовност (0.051); Любов (0.0),"Връзката е по-слаба и минава главно през личност и вътрешен конфликт, родина и памет и вяра и духовност, макар че Балкански синдром и Ноев ковчег ги разглеждат в различен контекст."
5,Молитва,15,Балкански синдром,0.1471,Личност и вътрешен конфликт,Личност и вътрешен конфликт (0.0963); Вяра и духовност (0.051); Любов (0.0); Родина и памет (0.0),"Връзката е по-слаба и минава главно през личност и вътрешен конфликт и вяра и духовност, макар че Молитва и Балкански синдром ги разглеждат в различен контекст."
8,Песента на колелетата,11,Потомка,0.1434,Вяра и духовност,Вяра и духовност (0.0715); Личност и вътрешен конфликт (0.044); Труд и творчество (0.0274); Любов (0.0),"Връзката е по-слаба и минава главно през вяра и духовност, личност и вътрешен конфликт и труд и творчество, макар че Песента на колелетата и Потомка ги разглеждат в различен контекст."
8,Песента на колелетата,20,Андрешко,0.143,Надежда и общност,Надежда и общност (0.0841); Личност и вътрешен конфликт (0.044); Вяра и духовност (0.0434); Любов (0.0),"Връзката е по-слаба и минава главно през надежда и общност, личност и вътрешен конфликт и вяра и духовност, макар че Песента на колелетата и Андрешко ги разглеждат в различен контекст."
8,Песента на колелетата,27,Спи езерото,0.1424,Любов,Любов (0.1024); Личност и вътрешен конфликт (0.044); Родина и памет (0.0); Свобода и бунт (0.0),"Връзката е по-слаба и минава главно през любов и личност и вътрешен конфликт, макар че Песента на колелетата и Спи езерото ги разглеждат в различен контекст."
20,Андрешко,25,При Рилския манастир,0.1408,Природа,Природа (0.0785); Вяра и духовност (0.0434); Родина и памет (0.0217); Свобода и бунт (0.0115),"Връзката е по-слаба и минава главно през природа, вяра и духовност и родина и памет, макар че Андрешко и При Рилския манастир ги разглеждат в различен контекст."
7,Ветрената мелница,24,Крадецът на праскови,0.1332,Надежда и общност,Надежда и общност (0.0746); Любов (0.0); Родина и памет (0.0); Свобода и бунт (0.0),"Връзката е по-слаба и минава главно през надежда и общност, макар че Ветрената мелница и Крадецът на праскови ги разглеждат в различен контекст."
1,Аз искам да те помня все така...,20,Андрешко,0.1327,Природа,Природа (0.0785); Личност и вътрешен конфликт (0.0568); Надежда и общност (0.0459); Родина и памет (0.0217),"Връзката е по-слаба и минава главно през природа, личност и вътрешен конфликт и надежда и общност, макар че Аз искам да те помня все така... и Андрешко ги разглеждат в различен контекст."
7,Ветрената мелница,12,Честен кръст,0.1319,Труд и творчество,Труд и творчество (0.1333); Любов (0.0); Родина и памет (0.0); Свобода и бунт (0.0),"Връзката е по-слаба и минава главно през труд и творчество, макар че Ветрената мелница и Честен кръст ги разглеждат в различен контекст."
2,Колко си хубава,17,История,0.129,Вяра и духовност,Вяра и духовност (0.0946); Личност и вътрешен конфликт (0.0624); Любов (0.0); Родина и памет (0.0),"Връзката е по-слаба и минава главно през вяра и духовност и личност и вътрешен конфликт, макар че Колко си хубава и История ги разглеждат в различен контекст."
15,Балкански синдром,16,Паисий,0.1278,Родина и памет,Родина и памет (0.051); Вяра и духовност (0.051); Личност и вътрешен конфликт (0.0209); Любов (0.0),"Връзката е по-слаба и минава главно през родина и памет, вяра и духовност и личност и вътрешен конфликт, макар че Балкански синдром и Паисий ги разглеждат в различен контекст."
10,Две души,16,Паисий,0.1267,Вяра и духовност,Вяра и духовност (0.069); Свобода и бунт (0.0603); Труд и творчество (0.0264); Личност и вътрешен конфликт (0.0209),"Връзката е по-слаба и минава главно през вяра и духовност, свобода и бунт и труд и творчество, макар че Две души и Паисий ги разглеждат в различен контекст."
7,Ветрената мелница,14,Бай Ганьо журналист,0.1244,Родина и памет,Родина и памет (0.0619); Труд и творчество (0.0619); Любов (0.0); Свобода и бунт (0.0),"Връзката е по-слаба и минава главно през родина и памет и труд и творчество, макар че Ветрената мелница и Бай Ганьо журналист ги разглеждат в различен контекст."
4,Спасова могила,23,Новото гробище над Сливница,0.1235,Родина и памет,Родина и памет (0.0696); Чуждото и другият (0.0214); Личност и вътрешен конфликт (0.0154); Любов (0.0),"Връзката е по-слаба и минава главно през родина и памет и чуждото и другият, макар че Спасова могила и Новото гробище над Сливница ги разглеждат в различен контекст."
15,Балкански синдром,25,При Рилския манастир,0.1228,Родина и памет,Родина и памет (0.051); Вяра и духовност (0.051); Личност и вътрешен конфликт (0.0115); Любов (0.0),"Връзката е по-слаба и минава главно през родина и памет и вяра и духовност, макар че Балкански синдром и При Рилския манастир ги разглеждат в различен контекст."
14,Бай Ганьо журналист,22,До моето първо либе,0.1205,Родина и памет,Родина и памет (0.0619); Общество и власт (0.037); Любов (0.0); Свобода и бунт (0.0),"Връзката е по-слаба и минава главно през родина и памет и общество и власт, макар че Бай Ганьо журналист и До моето първо либе ги разглеждат в различен контекст."
3,Посвещение,15,Балкански синдром,0.1176,Личност и вътрешен конфликт,Личност и вътрешен конфликт (0.0963); Вяра и духовност (0.051); Любов (0.0); Родина и памет (0.0),"Връзката е по-слаба и минава главно през личност и вътрешен конфликт и вяра и духовност, макар че Посвещение и Балкански синдром ги разглеждат в различен контекст."
2,Колко си хубава,15,Балкански синдром,0.1158,Личност и вътрешен конфликт,Личност и вътрешен конфликт (0.0963); Вяра и духовност (0.051); Любов (0.0); Родина и памет (0.0),"Връзката е по-слаба и минава главно през личност и вътрешен конфликт и вяра и духовност, макар че Колко си хубава и Балкански синдром ги разглеждат в различен контекст."
2,Колко си хубава,14,Бай Ганьо журналист,0.1156,Вяра и духовност,Вяра и духовност (0.1615); Любов (0.0); Родина и памет (0.0); Свобода и бунт (0.0),"Връзката е по-слаба и минава главно през вяра и духовност, макар че Колко си хубава и Бай Ганьо журналист ги разглеждат в различен контекст."
10,Две души,25,При Рилския манастир,0.1138,Вяра и духовност,Вяра и духовност (0.069); Природа (0.0264); Свобода и бунт (0.0115); Личност и вътрешен конфликт (0.0115),"Връзката е по-слаба и минава главно през вяра и духовност и природа, макар че Две души и При Рилския манастир ги разглеждат в различен контекст."
6,Вяра,27,Спи езерото,0.1101,Личност и вътрешен конфликт,Личност и вътрешен конфликт (0.1016); Любов (0.0); Родина и памет (0.0); Свобода и бунт (0.0),"Връзката е по-слаба и минава главно през личност и вътрешен конфликт, макар че Вяра и Спи езерото ги разглеждат в различен контекст."
3,Посвещение,7,Ветрената мелница,0.1095,Надежда и общност,Надежда и общност (0.0575); Любов (0.0); Родина и памет (0.0); Свобода и бунт (0.0),"Връзката е по-слаба и минава главно през надежда и общност, макар че Посвещение и Ветрената мелница ги разглеждат в различен контекст."
19,Борба,23,Новото гробище над Сливница,0.1086,Свобода и бунт,Свобода и бунт (0.0617); Личност и вътрешен конфликт (0.0154); Родина и памет (0.007); Любов (0.0),"Връзката е по-слаба и минава главно през свобода и бунт, макар че Борба и Новото гробище над Сливница ги разглеждат в различен контекст."
16,Паисий,20,Андрешко,0.1084,Свобода и бунт,Свобода и бунт (0.0603); Вяра и духовност (0.0434); Родина и памет (0.0217); Личност и вътрешен конфликт (0.0209),"Връзката е по-слаба и минава главно през свобода и бунт, вяра и духовност и родина и памет, макар че Паисий и Андрешко ги разглеждат в различен контекст."
1,Аз искам да те помня все така...,15,Балкански синдром,0.1069,Личност и вътрешен конфликт,Личност и вътрешен конфликт (0.0963); Родина и памет (0.051); Любов (0.0); Свобода и бунт (0.0),"Връзката е по-слаба и минава главно през личност и вътрешен конфликт и родина и памет, макар че Аз искам да те помня все така... и Балкански синдром ги разглеждат в различен контекст."
4,Спасова могила,27,Спи езерото,0.106,Личност и вътрешен конфликт,Личност и вътрешен конфликт (0.1113); Любов (0.0); Родина и памет (0.0); Свобода и бунт (0.0),"Връзката е по-слаба и минава главно през личност и вътрешен конфликт, макар че Спасова могила и Спи езерото ги разглеждат в различен контекст."
17,История,27,Спи езерото,0.0998,Личност и вътрешен конфликт,Личност и вътрешен конфликт (0.0624); Смърт и саможертва (0.0262); Любов (0.0); Родина и памет (0.0),"Връзката е по-слаба и минава главно през личност и вътрешен конфликт и смърт и саможертва, макар че История и Спи езерото ги разглеждат в различен контекст."
3,Посвещение,14,Бай Ганьо журналист,0.0934,Вяра и духовност,Вяра и духовност (0.115); Любов (0.0); Родина и памет (0.0); Свобода и бунт (0.0),"Връзката е по-слаба и минава главно през вяра и духовност, макар че Посвещение и Бай Ганьо журналист ги разглеждат в различен контекст."
15,Балкански синдром,23,Новото гробище над Сливница,0.0914,Родина и памет,Родина и памет (0.051); Чуждото и другият (0.0214); Личност и вътрешен конфликт (0.0154); Любов (0.0),"Връзката е по-слаба и минава главно през родина и памет и чуждото и другият, макар че Балкански синдром и Новото гробище над Сливница ги разглеждат в различен контекст."
15,Балкански синдром,27,Спи езерото,0.0908,Личност и вътрешен конфликт,Личност и вътрешен конфликт (0.0963); Любов (0.0); Родина и памет (0.0); Свобода и бунт (0.0),"Връзката е по-слаба и минава главно през личност и вътрешен конфликт, макар че Балкански синдром и Спи езерото ги разглеждат в различен контекст."
14,Бай Ганьо журналист,23,Новото гробище над Сливница,0.0883,Родина и памет,Родина и памет (0.0619); Чуждото и другият (0.0214); Любов (0.0); Свобода и бунт (0.0),"Връзката е по-слаба и минава главно през родина и памет и чуждото и другият, макар че Бай Ганьо журналист и Новото гробище над Сливница ги разглеждат в различен контекст."
7,Ветрената мелница,15,Балкански синдром,0.0822,Родина и памет,Родина и памет (0.051); Любов (0.0); Свобода и бунт (0.0); Вяра и духовност (0.0),"Връзката е по-слаба и минава главно през родина и памет, макар че Ветрената мелница и Балкански синдром ги разглеждат в различен контекст."
7,Ветрената мелница,21,Приказка за стълбата,0.0796,Надежда и общност,Надежда и общност (0.0417); Любов (0.0); Родина и памет (0.0); Свобода и бунт (0.0),"Връзката е по-слаба и минава главно през надежда и общност, макар че Ветрената мелница и Приказка за стълбата ги разглеждат в различен контекст."
20,Андрешко,23,Новото гробище над Сливница,0.0764,Свобода и бунт,Свобода и бунт (0.0617); Родина и памет (0.0217); Личност и вътрешен конфликт (0.0154); Любов (0.0),"Връзката е по-слаба и минава главно през свобода и бунт и родина и памет, макар че Андрешко и Новото гробище над Сливница ги разглеждат в различен контекст."
7,Ветрената мелница,19,Борба,0.0762,Надежда и общност,Надежда и общност (0.0476); Родина и памет (0.007); Любов (0.0); Свобода и бунт (0.0),"Връзката е по-слаба и минава главно през надежда и общност, макар че Ветрената мелница и Борба ги разглеждат в различен контекст."
1,Аз искам да те помня все така...,19,Борба,0.0748,Надежда и общност,Надежда и общност (0.0459); Личност и вътрешен конфликт (0.0434); Родина и памет (0.007); Любов (0.0),"Връзката е по-слаба и минава главно през надежда и общност и личност и вътрешен конфликт, макар че Аз искам да те помня все така... и Борба ги разглеждат в различен контекст."
8,Песента на колелетата,15,Балкански синдром,0.0718,Вяра и духовност,Вяра и духовност (0.051); Личност и вътрешен конфликт (0.044); Любов (0.0); Родина и памет (0.0),"Връзката е по-слаба и минава главно през вяра и духовност и личност и вътрешен конфликт, макар че Песента на колелетата и Балкански синдром ги разглеждат в различен контекст."
10,Две души,23,Новото гробище над Сливница,0.0715,Свобода и бунт,Свобода и бунт (0.0617); Личност и вътрешен конфликт (0.0154); Любов (0.0); Родина и памет (0.0),"Връзката е по-слаба и минава главно през свобода и бунт, макар че Две души и Новото гробище над Сливница ги разглеждат в различен контекст."
2,Колко си хубава,20,Андрешко,0.0705,Личност и вътрешен конфликт,Личност и вътрешен конфликт (0.0568); Вяра и духовност (0.0434); Любов (0.0); Родина и памет (0.0),"Връзката е по-слаба и минава главно през личност и вътрешен конфликт и вяра и духовност, макар че Колко си хубава и Андрешко ги разглеждат в различен контекст."
23,Новото гробище над Сливница,26,Градушка,0.0694,Родина и памет,Родина и памет (0.0232); Свобода и бунт (0.0167); Личност и вътрешен конфликт (0.0154); Любов (0.0),"Връзката е по-слаба и минава главно през родина и памет, макар че Новото гробище над Сливница и Градушка ги разглеждат в различен контекст."
9,Балада за Георг Хених,23,Новото гробище над Сливница,0.0688,Родина и памет,Родина и памет (0.0228); Чуждото и другият (0.0165); Личност и вътрешен конфликт (0.0154); Любов (0.0),"Връзката е по-слаба и минава главно през родина и памет, макар че Балада за Георг Хених и Новото гробище над Сливница ги разглеждат в различен контекст."
10,Две души,14,Бай Ганьо журналист,0.066,Вяра и духовност,Вяра и духовност (0.069); Труд и творчество (0.0264); Любов (0.0); Родина и памет (0.0),"Връзката е по-слаба и минава главно през вяра и духовност и труд и творчество, макар че Две души и Бай Ганьо журналист ги разглеждат в различен контекст."
6,Вяра,23,Новото гробище над Сливница,0.0618,Свобода и бунт,Свобода и бунт (0.0617); Личност и вътрешен конфликт (0.0154); Любов (0.0); Родина и памет (0.0),"Връзката е по-слаба и минава главно през свобода и бунт, макар че Вяра и Новото гробище над Сливница ги разглеждат в различен контекст."
1,Аз искам да те помня все така...,14,Бай Ганьо журналист,0.0617,Родина и памет,Родина и памет (0.0619); Труд и творчество (0.0229); Любов (0.0); Свобода и бунт (0.0),"Връзката е по-слаба и минава главно през родина и памет и труд и творчество, макар че Аз искам да те помня все така... и Бай Ганьо журналист ги разглеждат в различен контекст."
16,Паисий,27,Спи езерото,0.054,Любов,Любов (0.0394); Личност и вътрешен конфликт (0.0209); Родина и памет (0.0); Свобода и бунт (0.0),"Връзката е по-слаба и минава главно през любов и личност и вътрешен конфликт, макар че Паисий и Спи езерото ги разглеждат в различен контекст."
19,Борба,27,Спи езерото,0.042,Личност и вътрешен конфликт,Личност и вътрешен конфликт (0.0434); Любов (0.0); Родина и памет (0.0); Свобода и бунт (0.0),"Връзката е по-слаба и минава главно през личност и вътрешен конфликт, макар че Борба и Спи езерото ги разглеждат в различен контекст."
8,Песента на колелетата,23,Новото гробище над Сливница,0.0292,Личност и вътрешен конфликт,Личност и вътрешен конфликт (0.0154); Любов (0.0); Родина и памет (0.0); Свобода и бунт (0.0),"Връзката между Песента на колелетата и Новото гробище над Сливница е по-скоро слаба и идва от общ литературен фон, а не от ясно изразен водещ мотив."
7,Ветрената мелница,10,Две души,0.0242,Труд и творчество,Труд и творчество (0.0264); Любов (0.0); Родина и памет (0.0); Свобода и бунт (0.0),"Връзката е по-слаба и минава главно през труд и творчество, макар че Ветрената мелница и Две души ги разглеждат в различен контекст."
21,Приказка за стълбата,23,Новото гробище над Сливница,0.0238,Личност и вътрешен конфликт,Личност и вътрешен конфликт (0.0154); Любов (0.0); Родина и памет (0.0); Свобода и бунт (0.0),"Връзката между Приказка за стълбата и Новото гробище над Сливница е по-скоро слаба и идва от общ литературен фон, а не от ясно изразен водещ мотив."
3,Посвещение,23,Новото гробище над Сливница,0.0228,Личност и вътрешен конфликт,Личност и вътрешен конфликт (0.0154); Любов (0.0); Родина и памет (0.0); Свобода и бунт (0.0),"Връзката между Посвещение и Новото гробище над Сливница е по-скоро слаба и идва от общ литературен фон, а не от ясно изразен водещ мотив."
2,Колко си хубава,23,Новото гробище над Сливница,0.0224,Личност и вътрешен конфликт,Личност и вътрешен конфликт (0.0154); Любов (0.0); Родина и памет (0.0); Свобода и бунт (0.0),"Връзката между Колко си хубава и Новото гробище над Сливница е по-скоро слаба и идва от общ литературен фон, а не от ясно изразен водещ мотив."
5,Молитва,23,Новото гробище над Сливница,0.0219,Личност и вътрешен конфликт,Личност и вътрешен конфликт (0.0154); Любов (0.0); Родина и памет (0.0); Свобода и бунт (0.0),"Връзката между Молитва и Новото гробище над Сливница е по-скоро слаба и идва от общ литературен фон, а не от ясно изразен водещ мотив."
14,Бай Ганьо журналист,27,Спи езерото,0.0076,Любов,Любов (0.0); Родина и памет (0.0); Свобода и бунт (0.0); Вяра и духовност (0.0),"Връзката между Бай Ганьо журналист и Спи езерото е по-скоро слаба и идва от общ литературен фон, а не от ясно изразен водещ мотив."
7,Ветрената мелница,27,Спи езерото,0.0069,Любов,Любов (0.0); Родина и памет (0.0); Свобода и бунт (0.0); Вяра и духовност (0.0),"Връзката между Ветрената мелница и Спи езерото е по-скоро слаба и идва от общ литературен фон, а не от ясно изразен водещ мотив."
2,Колко си хубава,7,Ветрената мелница,0.0058,Любов,Любов (0.0); Родина и памет (0.0); Свобода и бунт (0.0); Вяра и духовност (0.0),"Връзката между Колко си хубава и Ветрената мелница е по-скоро слаба и идва от общ литературен фон, а не от ясно изразен водещ мотив."
